日本語, English, Entries, Entry Month, Prize Month, JPY,
エプロン, Apron, 12, 02,,,
寿がきやの力もちうどん, Sugakiya's Chikaramochi Udon, 11, 02,,,
キムチ, Kimchi, 1, 02,,,
乳酸飲料24本, Lactic acid drink 24 bottles, 12, 02,,,
ウッドペッカートレーナー, Woodpecker sweatshirt, 30, 02,,,
でん六マメスポーツ観戦セット, Denroku Mame Sports viewing set, 30, 02,,,
ディレクTVオリジナルTシャツ, DirectTV original T-shirt, 1, 02,,,
モデルさん使用済パンティ(まいちゃん), Model's used panties (Mai-chan), 1, 02,,,
モデルさん使用済パンティ(あられちゃん), Model's used panties (Arare-chan), 1, 02,,,
「きかんしゃトーマス」ブリーフ2枚, "Thomas the Tank Engine" briefs 2 pairs, 12, 02,,,
「ゴー/ゴー/コニーちゃん」 パンティ, "Go/Go/Connie-chan" panties, 12, 02,,,
梅干ラーメン12食, Umeboshi ramen 12 servings, 13, 02,,,
ウェンディーズ、ロゴ入りバスタオル, Wendy's logo bath towel, 30, 02,,,
タケダ健康茶24本, Takeda Healthy Tea 24 bottles, 50, 02,,,
鮭の中骨スナッククラッカー, Salmon backbone snack crackers, 50, 02,,,
プライマルスクリーム日本公演 Tシャツ, Primal Scream Japan performance T-shirt, 200, 02,,,
テディベアトレーナー, Teddy bear sweatshirt, 50, 02,,,
エアレデュオ(デザート系ムース), Aire Duo (dessert mousse), 70, 02,,,
元気一番・ヨーグルト味12, Genki Ichiban Yogurt Flavor 12 bottles, 50, 02,,,
パイオニアLD/CDプレーヤー, Pioneer LD/CD player, 50, 02,,,
薬膳そば 「そばがいい」, Medicinal soba "Soba ga Ii", 100, 02,,,
飲むゼリー「ファイバーゼリー」, Drinkable jelly "Fiber Jelly", 30, 02, 02, 1560,
ブラザーFAX, Brother FAX, 50, 02,,,
リーバイスGパン・, Levi's jeans, 150, 02,,,
ドゥニームGパン, Denime jeans, 100, 02,,,
雑誌オリジナルTシャツ, Magazine original T-shirt, 100, 02,,,
体温計・時計・山田まりやテレカ(のうちひとつ), Thermometer_ watch_ Yamada Mariya telephone card (one of the following), 2, 02,,,
生さば 5匹, Fresh mackerel 5 fish, 20, 02,,,
甘酒6缶, 6 cans of sweet sake, 1, 02,,,
スパゲティギフトセット, Spaghetti gift set, 1, 02, 02, 3800,
ロッテのガム (12個), Lotte gum (12 pieces), 1, 02,,,
セーターまたは現金3万円~2千円, Sweater or cash 30_000-2_000 yen, 20, 02,,,
賞金総額10万円・, Total prize money 100_000 yen, 10, 02,,,
青汁&野菜ジュース(6本), Green juice & vegetable juice (6 bottles), 10, 02,,,
モーターボート連合会・産ジャンパー, Motorboat Association - San jumper, 50, 02,,,
モデルさん使用済パンティ(ひとみチャン), Model's used panties (Hitomi-chan), 1, 02, 03, 1800,
モデルさん使用済パンティ(えみチャン), Model's used panties (Emi-chan), 1, 02,,,
23区のポーチまたは現金2万円~3千円, 23 Wards pouch or cash 20_000-3_000 yen, 30, 02,,,
健康センター「ゆめの鳥」オリジナルタオル, Health Center "Yume no Tori" original towel, 50, 02,,,
温州みかん酒(6缶), Unshu mandarin liquor (6 cans), 162, 02, 03, 1200,
チョコレート, Chocolate, 220, 02,,,
ホンダNSXまたは時計, Honda NSX or watch, 50, 02,,,
高級石鹸セット, Luxury soap set, 100, 02, 02, 5000,
明治野菜気分でヨーグルトー, Meiji vegetable-style yogurt, 50, 02,,,
折りたたみ自転車, Folding bicycle, 50, 02, 03, 41800,
東芝・炊飯ジャー・, Toshiba - Rice cooker, 50, 02,,,
栃木コシヒカリ「穂の香」(5kg), Tochigi Koshihikari "Honoka" (5kg), 110, 02, 02, 2500,
コシヒカリのアイス(12コ), Koshihikari ice cream (12 pieces), 50, 02,,,
青森産りんご (5kg), Aomori apples (5kg), 50, 02,,,
栃木のいちご (4パック), Tochigi strawberries (4 packs), 150, 02, 03, 2400,
鳴戸のわかめ, Naruto wakame, 50, 02,,,
ラーメン(12食), Ramen (12 servings), 50, 02,,,
うどん(12食), Udon (12 servings), 100, 02,,,
象印の鍋, Zojirushi hot pot, 50, 02,,,
生さば5匹, 5 fresh mackerel, 20, 02,,,
日産バルサー, Nissan Pulsar, 50, 02,,,
パワーマッキントッシュ, Power Macintosh, 2, 02,,,
イタリア旅行(6泊8日), Trip to Italy (6 nights_ 8 days), 2, 02,,,
アメリカ旅行 (4泊6日), Trip to the US (4 nights_ 6 days), 2, 02,,,
桐島屋旅館宿泊券(1名のみ), Kirishimaya Ryokan accommodation voucher (1 person only), 30, 02,,,
スナック風漬物こんじり (10袋), Snack-style pickled konjiri (10 bags), 100, 02, 03, 3000,
有明海苔(3袋), Ariake nori (3 bags), 2, 02,,,
シャンプーセット, Shampoo set, 2, 02,,,
日清ヌードル(12食), Nissin noodles (12 servings), 110, 02,,,
クッキー, Cookies, 110, 02,,,
アーモンドー, Almond dough, 50, 02,,,
ウニ風味のソース(2本), Sea urchin-flavored sauce (2 bottles), 50, 02,,,
シューマイ, Shumai, 50, 02,,,
タオル, Towels, 100, 02,,,
漬物詰め合わせ, Assorted pickles, 440, 02,,,
オレンジジュース(24本), Orange juice (24 bottles), 50, 02,,,
アンコウ鍋セット(3人前), Monkfish hot pot set (3 servings), 50, 02,,,
きじ鍋セット(4~5人前), Pheasant hot pot set (4-5 servings), 50, 02,,,
岩手県土料理「生ひっつみ」(4~6人前), Iwate Prefecture local dish "Raw hittsumi" (4-6 servings), 50, 02,,,
きりたんぽ (3人前), Kiritanpo (3 servings), 50, 02,,,
南部鉄器・すき焼鍋, Nambu ironware sukiyaki pot, 50, 02,,,
牛ロース肉ステーキ用850g), Beef loin steak 850g), 50, 02,,,
さば寿し(3本), Mackerel sushi (3 pieces), 60, 02,,,
あゆ寿し(6尾), Ayu sushi (6 fish), 30, 02,,,
てこね寿司(5~7人分), Tekone sushi (5-7 servings), 30, 02,,,
柿の葉ずし(さば10個、鮭10個), Kaki no ha sushi (10 mackerel_ 10 salmon), 30, 02,,,
茶漬けセット(1.2g), Ochazuke set (1.2g), 30, 02,,,
広島菜詰め合わせ (2.36kg), Hiroshima greens assortment (2.36kg), 30, 02,,,
納豆, Natto, 50, 02, 03, 1800,
信州味噌(500g), Shinshu miso (500g), 30, 02,,,
信州そば, Shinshu soba, 30, 02,,,
「お菓子「かもめとビット」(8個), "Kamome and Bits" sweets (8 pieces), 50, 02,,,
「お菓子「かまくらカスター」(12個), "Kamakura Custard sweets" (12 pieces), 50, 02,,,
きつねうどん (12食), Kitsune udon (12 servings), 50, 02,,,
かき揚げ天うどん(12食), Kakiage tempura udon (12 servings), 50, 02,,,
健康飲料 「バランスジョイ」, Healthy drink "Balance Joy", 50, 02,,,
石鹸(1個), Soap (1 piece), 50, 02,,,
ハンドクリームセット, Hand cream set, 50, 02,,,
防火造(入選30万円、佳作2万円), Hakkenzo (selected 300_000 yen_ honorable mention 20_000 yen), 3, 02,,,
ナイスシングルライブ, Nice single live, 1, 02,,,
あむしまマリンパーク・アシカの名[訪万円分側), Amushima Marine Park - Name of the Sea Lion [10_000 yen visit side], 50, 02, 03, 4700,
缶切り, Can opener, 50, 02,,,
イラストクイズ(賞金10万円、賞品多数), Illustration quiz (100_000 yen prize_ many prizes), 60, 02, 02, 2000,
たまご酒(3本), Egg sake (3 bottles), 50, 02,,,
ワインサワー(赤3本、白3本), Wine sour (3 red_ 3 white), 100, 02,,,
グミ(グレープフルーツ味 10袋), Gummy candy (10 bags of grapefruit flavor), 50, 02,,,
おかめのお豆セッ, Okame bean set, 50, 02, 03, 1530,
ぬいぐるみとTシャツ, Plush toy and T-shirt, 50, 02,,,
帽子とTシャツ, Hat and T-shirt, 50, 02,,,
馬場俊英のタオル, Baba Toshihide towel, 1, 02,,,
米沢牛スキヤキ肉 (500g), Yonezawa beef sukiyaki meat (500g), 1, 02,,,
めんたい味ドレッシング(1本), Mentaiko flavored dressing (1 bottle), 50, 02,,,
カップうどん 「ぐっどん」(12食), Cup udon "Goodon" (12 meals), 50, 02,,,
エドウィンロゴ入りTシャツ, T-shirt with Edwin logo, 1, 02,,,
生あわび生さざえ (各500g), Raw abalone and raw turban shell (500g each), 50, 02,,,
スモークサーモン (200g), Smoked salmon (200g), 50, 02,,,
トヨタプリウス(他賞金もあり), Toyota Prius (other prizes also available), 20, 02,,,
ささみの燻製, Smoked chicken breast, 50, 02,,,
和菓子, Japanese sweets, 100, 02,,,
赤ワインキャンディ, Red wine candy, 50, 02,,,
アニメヒーロー人形(コンドルのジョー), Anime hero doll (Condor Joe), 5, 02,,,
アニメヒーロー人形(大薫の麓), Anime hero doll (Okuno no Fumoto), 5, 02,,,
アニメヒーロー人形(力石徹), Anime hero doll (Chikaraishi Toru), 5, 02, 04, 9800,
モデルさん使用済パンティ (由美子チャン), Model's used panties (Yumiko-chan), 1, 02,,,
日本女子体育大学Tシャツ, Japan Women's College of Physical Education T-shirt, 50, 02,,,
電車でGO, Densha de Go, 5, 03, 03, 11600,
サバイバルナイフ, Survival knife, 50, 03,,,
バドワイザー (24), Budweiser (24), 1, 03,,,
たまご酒(3本), Egg sake (3 bottles), 50, 03,,,
笹かまぼこ詰め合わせ, Assorted bamboo-flavored fish cakes, 50, 03,,,
ちくわ詰め合わせ, Assorted chikuwa, 50, 03,,,
フライパン(直径14cm), Frying pan (14cm diameter), 50, 03,,,
はちみつ, Honey, 100, 03,,,
チョコレート, Chocolate, 210, 03, 04, 2000,
ラブラブラーメン, ■Love Love Ramen, 120, 03,,,
ジグソーパズル(1_000ピース), Jigsaw puzzle (1_000 pieces), 10, 03,,,
イラストクイズ(賞金総額35万円), Illustration quiz (total prize money 350_000 yen), 20, 03,,,
カップラーメン (12食), Cup ramen (12 servings), 50, 03,,,
ビスケット (400g), Biscuits (400g), 50, 03,,,
米(1kg), Rice (1kg), 50, 03,,,
クロスワードパズル(賞金総額25万円), Crossword puzzle (total prize money 250_000 yen), 10, 03,,,
伊藤園俳句大賞, Itoen Haiku Grand Prize, 2, 03,,,
醬油 (750g), Soy sauce (750g), 50, 03,,,
吉四六清, Kichishirokusei, 50, 03,,,
ポケモンデスクマット, Pokemon desk mat, 5, 03, 04, 3600,
神戸牛モモ肉 (150g), Kobe beef thigh meat (150g), 50, 03,,,
カジキマグロ(カス漬け&みそ漬け), Marlin (pickled in kasu and miso), 50, 03,,,
栃木のきゅうり, Tochigi cucumber, 50, 03,,,
「スポーン」 Tシャツ, "Spawn" T-shirt, 50, 03,,,
新宿300年委員会 Tシャツ, Shinjuku 300th Anniversary Committee T-shirt, 50, 03,,,
ジャンボぬいぐるみ, Jumbo stuffed toy, 5, 03,,,
和菓子セット, Japanese sweets set, 50, 03,,,
帽子, Hat, 50, 03,,,
スカイラインGT-R(71年式), Skyline GT-R (1971 model), 50, 03,,,
トヨタプリウス, Toyota Prius, 100, 03,,,
マツダロードスター, Mazda Roadster, 50, 03,,,
香港旅行, Hong Kong trip, 50, 03,,,
広末涼子ノベルティ(クリアファイル), Hirosue Ryoko novelty (clear file), 5, 03,,,
広末涼子のフィギュアー, Hirosue Ryoko figure, 5, 03,,,
モデルさん使用済パンティ(さきちゃん), Model's used panties (Saki-chan), 1, 03,,,
モデルさん使用済パンティ(はるかちゃん), Model's used panties (Haruka-chan), 1, 03,,,
モデルさん使用済パンティ(かいりちゃん), Model's used panties (Kairi-chan), 1, 03,,,
ブルマとTシャツ(レオナちゃん), Bloomers and T-shirt (Leona-chan), 1, 03,,,
茶わんで丼ドン (中華、牛、親子、各5食), Rice bowl don (Chinese_ beef_ parent and child_ 5 meals each), 50, 03,,,
モバイルコンピューター「カシオペア」, Mobile computer "Cassiopeia", 50, 03,,,
タオルー, Tao Lo, 50, 03,,,
ハワイ旅行, Hawaii trip, 50, 03,,,
てんてんの一口ギョウザ (100個), Ten Ten's bite-sized gyoza (100 pieces), 50, 03,,,
NISSAN 「サファリ」, NISSAN "Safari", 50, 03,,,
めんたいドレッシング, Mentaiko dressing, 50, 03,,,
アルコール飲料「フーチ」 (6缶), Alcoholic drink "Fuchi" (6 cans), 50, 03,,,
カレーのル, Curry no Ru, 50, 03,,,
きつねうどん、かき揚げ天うどんセット, Kitsune udon_ kakiage tempura udon set, 50, 03,,,
アニメヒーロー人形「デビルマン, Anime hero doll "Devilman", 5, 03,,,
和菓子「かまくらカスター」(12個), Japanese sweets "Kamakura Custard" (12 pieces), 50, 03,,,
「タイタニック」 写真入りブック, "Titanic" Photo book, 7, 03,,,
キティとミミィのぬいぐるみ, Hello Kitty and Mimmy stuffed toys, 5, 03,,,
アーモンドミックスナッツセット, Almond mixed nuts set, 50, 03,,,
野菜ジュース, Vegetable juice, 100, 03,,,
マグカップ, Mug, 50, 03, 05, 0,
竹の子(福岡産2本), Bamboo shoots (2 from Fukuoka), 50, 03,,,
日本海の魚詰め合わせ, Assorted fish from the Sea of ​​Japan, 50, 03,,,
現金100万円, 1 million yen in cash, 50, 03,,,
現金50万円, 500_000 yen in cash, 50, 03,,,
現金30万円, 300_000 yen in cash, 50, 03,,,
ワイドテレビ, Wide-screen TV, 100, 03, 04, 22000,
ステレオ, Stereo, 50, 03,,,
プレイステーション, PlayStation, 70, 03,,,
イギリス旅行(4泊6日)またはビスケット, Trip to England (4 nights_ 6 days) or biscuits, 50, 03,,,
テレビデオ, TV/video, 1, 03,,,
FAX, Fax, 1, 03,,,
電子レンジー, Microwave, 1, 03,,,
MDコンポ, MD component, 1, 03,,,
冷威庫一, Refrigerator, 1, 03,,,
コーヒーメーカー, Coffee maker, 1, 03,,,
地球儀, Globe, 1, 03, 05, 9800,
天体望遠鏡, Telescope, 1, 03,,,
手持望遠鏡, Handheld telescope, 1, 03,,,
キティちゃんの鍋, Hello Kitty pot, 1, 03,,,
ドクター中松、頭においしい食品セット, Dr. Nakamatsu_ delicious food for your head set, 50, 03,,,
野菜タンメン(12食), Vegetable tanmen (12 meals), 30, 03,,,
カップ麺(12食), Cup noodles (12 meals), 30, 03,,,
「きちみ製カレーめん (3個), Kichimi curry noodles (3 pieces), 50, 03,,,
漬物6点セット, 6-piece pickle set, 50, 03,,,
アルミの鍋(直径20cm), Aluminum pot (20cm diameter), 50, 03,,,
JAの米 「真球伝説」 (5kg), JA rice "Shinkyu Densetsu" (5kg), 100, 03,,,
栃木コシヒカリ「穂の香」 (5kg), Tochigi Koshihikari "Honoka" (5kg), 100, 03,,,
レブロンの口紅, Revlon lipstick, 1, 03,,,
「フルーツ缶詰(6缶), Canned fruit (6 cans), 100, 03,,,
ナタデココヨーグルト(10個), Nata de coco yogurt (10 pieces), 100, 03,,,
ツナカレー缶 (3缶), Tuna curry can (3 cans), 1, 03,,,
MDプレイヤー, MD player, 51, 03,,,
ミッキーとミニーのバススポンジ, Mickey and Minnie bath sponge, 1, 03,,,
クロスワードクイズ(賞金総額25万円), Crossword quiz (total prize money 250_000 yen), 20, 03,,,
しいたけ(300g), Shiitake mushrooms (300g), 50, 03,,,
リラックスチェアー, Relax chair, 1, 03,,,
サザンオールスターズ、旅行キット, Southern All Stars_ travel kit, 1, 03,,,
ダイエットマシン, Diet machine, 1, 03,,,
鮭の中骨スナック, Salmon backbone snack, 50, 03, 03, 350,
「マッサージ券 (5_000円分), "Massage voucher (5_000 yen), 1, 03,,,
ダイエット食品・ナチュラルビスキュイ(5個), Diet food_ natural biscuit (5 pieces), 50, 03,,,
ズワイガニ (4ハイ), Snow crab (4 high), 50, 03,,,
三菱の自動車, Mitsubishi car, 50, 03,,,
シンガポール旅行(2泊4日), Singapore trip (2 nights_ 4 days), 1, 03,,,
バリ島旅行(3泊5日), Bali trip (3 nights_ 5 days), 1, 03,,,
「モルディブ島旅行 (4泊6日), "Maldives trip (4 nights_ 6 days), 1, 03,,,
MDウォークマン, MD Walkman, 1, 03,,,
Gショック, G-Shock, 1, 03,,,
ビデオカメラ, Video camera, 20, 03,,,
チーズ詰め合わせ1, Cheese assortment 1, 100, 03,,,
イスラエルのみかん, Israeli mandarins, 50, 03,,,
全員トンガリボウシ(新種のキャベツ), All tongari-boushi (a new type of cabbage), 50, 03,,,
黒豚焼豚(3本), Black pork roast pork (3 pieces), 50, 03,,,
ルパン3世の皿, Lupin III plate, 1, 03,,,
豚みそ漬 (800g), Pork miso pickles (800g), 50, 03,,,
アラのチリ鍋セット(5人前), Ara chili hot pot set (5 servings), 50, 03,,,
日本全国郷土の味(20種類), Local flavors from all over Japan (20 types), 200, 03,,,
備蓄米 (2kg), Stock rice (2kg), 100, 03,,,
凍スパゲティ(12個), Frozen spaghetti, 5, 03,,,
アルコール飲料「ザ・カクテルバー」「サクラフィズ」), Alcoholic drinks "The Cocktail Bar" and "Sakura Fizz"), 5, 03,,,
「お菓子「一六タルト, Sweets "Ichiroku Tart", 50, 03,,,
パソコン、プリンタ、デジタルカメラ他, Computers_ printers_ digital cameras_ etc., 50, 03,,,
お子様うどん (6個), Children's udon (6 pieces), 5 0, 03,,,
くもんの学習国語辞典, Kumon learning Japanese dictionary, 5, 03,,,
フルーツ缶詰(6缶), Canned fruit (6 cans), 50, 03,,,
オリーブドレッシング(2本), Olive dressing (2 bottles), 5, 03,,,
掃除機, Vacuum cleaner, 5, 03,,,
毛剤(ダークブラックとオリーブブラウンとアップルレッド), Hair polish (dark black_ olive brown_ and apple red), 6, 03, 06, 2700,
ハーゲンダッツのアイス(12個), Häagen-Dazs ice cream (12 pieces), 50, 03,,,
刺青シール (3枚), Tattoo stickers (3 sheets), 5, 03,,,
ヒゲ剃り (3枚刃), Shaver (3-blade), 5, 03,,,
あぶらとり紙 (300枚), Oil blotting paper (300 sheets), 5, 03,,,
D&D、使用済のフラフープー, D&D_ used hula hoop, 1, 03,,,
十徳ナイフ, Jutoku knife, 51, 03,,,
広末涼子サイン色紙+カップメン(12食), Ryoko Hirosue autographed color paper + cup noodles (12 meals), 1, 03,,,
スズキ「セルポ」, Suzuki "Celpo", 50, 03,,,
スズキ「ワゴンR」, Suzuki "Wagon R", 100, 03,,,
スズキ「アルトワークス」, Suzuki "Alto Works", 50, 03,,,
茶碗ときゅうす-, Rice bowls and teacups -, 1, 03,,,
手作りパン (11種セット), Homemade bread (11-item set), 50, 03,,,
三輪車(ジェット機タイプ), Tricycle (jet plane type), 5, 03,,,
牛皮製ハンドバッグ, Handbag made from cowhide, 5, 03,,,
ボディソープ, Body soap, 5, 03,,,
トマトケチャップ、トマトソース、ホールトマト, Tomato ketchup_ tomato sauce_ whole tomatoes, 50, 03,,,
ちらし寿司のたね, Sushi toppings, 20, 03,,,
パンに塗るゴマクリーム(黒ゴマ、白ゴマ), Sesame cream for bread (black sesame_ white sesame), 20, 03,,,
魚の一夜干しセット(9枚), Dried fish set (9 pieces), 50, 03,,,
栃木のトマト (2kg), Tomatoes from Tochigi (2kg), 50, 03,,,
鋼で作ったハム, Ham made of steel, 50, 03,,,
発汗促進剤, Sweat enhancer, 50, 03,,,
アニメヒーロー人形(ルパン三世), Anime hero doll (Lupin III), 5, 03,,,
アニメヒーロー人形(不動明TVバージョン), Anime hero doll (Fudo Akira TV version), 5, 03,,,
???一ロ一人射像、急敬太郎人セットで), ???One-man projection_ one-man set), 5, 03,,,
サッポロポテト(3種セット)一, Sapporo potato (3-type set), 1, 03,,,
飲茶セット, Dim sum set, 50, 03, 04, 3000,
トーストセット, Toast set, 50, 03,,,
ピアス(18K), Earrings (18K), 50, 03,,,
ポラロイドカメラR刑事コロンボの台本, Polaroid camera R Detective Columbo script, 1, 03,,,
ベルサーチのサイフ, Versace wallet, 5, 03,,,
堂本光一、使用済のなべ・, Koichi Domoto_ used pot, 1, 03,,,
大麦牛(ステーキ用850g), Barley beef (850g for steak), 50, 03, 03, 3000,
ステーキ用フライパン, Steak frying pan, 50, 03,,,
フォークとナイフセット, Fork and knife set, 50, 03, 05, 20000,
辛子高菜, Mustard takana, 50, 03,,,
FAX, FAX, 50, 03,,,
ハンディーマッサージ「スーパーフィットくん」, Handy massage "Super Fit-kun", 60, 03,,,
浄水器, Water purifier, 50, 03,,,
掃除機, Vacuum cleaner, 10, 03, 04, 16000,
毛動画(オレンジブラウン、アップルメイド、ハニーブラウン), Hair video (orange brown_ apple maid_ honey brown), 51, 03,,,
化粧品セット(UVカット製品他), Cosmetics set (UV cut products_ etc.), 50, 03,,,
ウィダーinゼリー(ポーチ付き), Weider in jelly (with pouch), 201, 03, 05, 1820,
ポテトチップスセットー 52通, Potato chips set - 52 letters, 52, 03,,,
ストッキング(3点セット)・, Stockings (3-piece set), 5, 03,,,
栄養シリアル「イートシステム」, Nutritional cereal "Eat System", 50, 03,,,
歯みがきセット, Toothbrush set, 50, 03, 04, 400,
本「黄金ボキャブラ天国」, Book "Golden Vocabulary Heaven", 1, 03,,,
ギョーザ (100個), Gyoza (100 pieces), 50, 03,,,
MGのウォッチ, MG watch, 60, 03,,,
玄米かゆセット, Brown rice porridge set, 50, 03,,,
フルーツトマト, Fruit tomato, 50, 03,,,
牛タン (塩とみそ漬け), Beef tongue (salted and miso-pickled), 50, 03,,,
栃木のうど, Tochigi udo, 50, 03,,,
アンキモ, Ankimo, 50, 03,,,
広末涼子のバッグ-, Hirosue Ryoko's bag, 5, 03,,,
日産「ウイングロード」, Nissan "Wingroad", 30, 03,,,
「おれは男だ!」 目覚し時計, "I'm a man!" Alarm clock, 1, 03,,,
日産「ウイングロード」, Nissan "Wingroad", 30, 04,,,
商品券 (10万円分) OR液晶小型テレビ, Gift certificate (100_000 yen) OR LCD small TV, 50, 04,,,
カップメン, Cup noodles, 100, 04,,,
豪華客船10日間の旅, 10-day luxury cruise, 1, 04,,,
ハワイ旅行, Trip to Hawaii, 1, 04,,,
ナタデココヨーグルト(10個), Nata de coco yogurt (10 pieces), 50, 04,,,
納豆, Natto, 50, 04, 05, 1800,
鍋 (直径20cm), Hot pot (20cm diameter), 100, 04,,,
ウィダーinゼリー, Wheyder in jelly, 100, 04,,,
テディベアのぬいぐるみ, Teddy bear, 5, 04,,,
ポテトチップスセット, Potato chips set, 50, 04,,,
アルゼンチンタンゴ日本公演チケット, Argentine tango performance ticket in Japan, 1, 04,,,
足ふみマッサージ体験チケット, Foot massage experience ticket, 1, 04,,,
スチームカーラー, Steam curler, 10, 04,,,
BMWLOFアメリカOAギフトカード(10万円分), BMW LOF America OA gift card (100_000 yen), 50, 04,,,
チョコレート, Chocolate, 100, 04,,,
ビジネスシューズ, Business shoes, 10, 04, 05, 19800,
歯みがきセット, Toothbrush set, 157, 04,,,
腕時計, Watch, 40, 04,,,
CDプレイヤー, CD player, 40, 04,,,
ゴジラおしゃべり目覚し時計, Godzilla talking alarm clock, 40, 04,,,
低カロリーレトルト食品(シチュー、肉じゃが, Low-calorie retort food (stew_ nikujaga (beef and potatoes), 50, 04,,,
和菓子「かまくらカスター」, Japanese sweets "Kamakura Custard", 50, 04,,,
京風あぶらとり紙, Kyoto-style oil blotting paper, 5, 04,,,
生スパゲティ「ババリア｣, Fresh spaghetti "Bavaria", 50, 04,,,
掃除機, Vacuum cleaner, 100, 04,,,
トマトジュース(8リットル), Tomato juice (8 liters), 50, 04,,,
栃木コシヒカリ「穂の香」 (5kg), Tochigi Koshihikari "Honoka" (5kg), 50, 04,,,
海の幸セット, Seafood set, 150, 04,,,
松葉ガニ, Snow crab, 50, 04,,,
食器セット, Tableware set, 50, 04,,,
化粧品セット(マニキュア他), Cosmetics set (nail polish_ etc.), 50, 04, 05, 25000,
バランス栄養食「ハニックス・33バランス」, Balanced nutritional food "Hanix 33 Balance", 50, 04,,,
合鴨肉, Duck meat, 50, 04, 06, 3500,
図書券 (3_000円分), Book voucher (3_000 yen), 10, 04,,,
おかき詰め合わせ, Assorted rice crackers, 50, 04,,,
納豆ゼリー, Natto jelly, 50, 04,,,
アイスクリーム, Ice cream, 100, 04,,,
飲茶セット, Dim sum set, 100, 04,,,
高級のり, High-quality seaweed, 150, 04, 06, 5000,
名探偵コナンのセル画, Cell drawings of Detective Conan, 1, 04,,,
みそとしょうゆ他, Miso and soy sauce_ etc., 480, 04,,,
たまごスープ, Egg soup, 50, 04,,,
抗菌ソックス, Antibacterial socks, 1, 04,,,
本「主義のイタリアン101店」「あこがれの和食店」, Books "101 Italian restaurants of the principle" and "Dream Japanese restaurants", 1, 04,,,
本「メイクの真実」, Book "The truth about makeup", 1, 04,,,
生ハムー, Prosciutto, 50, 04,,,
いちご, Strawberries, 100, 04,,,
スイカ, Watermelon, 50, 04, 08, 1000,
プレイステーション, PlayStation, 1, 04,,,
NINTENDO64+野球ゲームソフト, Nintendo 64+ baseball game software, 1, 04,,,
反町隆史テレカ, Takashi Sorimachi telephone card, 1, 04,,,
広末涼子テレカ, Ryoko Hirosue telephone card, 10, 04,,,
山川豊テレカ, Yutaka Yamakawa telephone card, 1, 04,,,
坂本冬美テレカ, Fuyumi Sakamoto telephone card, 1, 04,,,
トヨタ「ハリアー」, Toyota "Harrier", 1, 04,,,
電子手帳 「モバイルZ」, Electronic organizer "Mobile Z", 50, 04,,,
ネスカフェギフトセット, Nescafe gift set, 5, 04,,,
ロッテのガム, Lotte gum, 50, 04,,,
净水器, Water purifier, 50, 04, 05, 15000,
ティッシュペーパー, Tissue paper, 100, 04,,,
テニスシューズ, Tennis shoes, 50, 04,,,
英会話レッスンチケット, English conversation lesson ticket, 1, 04, 05, 10000,
ポラロイドカメラ, Polaroid camera, 50, 04,,,
ハンドバッグ, Handbag, 50, 04,,,
香水「フェラーリコロンウォーター」, Ferrari Cologne Water perfume, 10, 04,,,
香水「フェンディファンタジア」, Fendi Fantasia perfume, 10, 04,,,
ドラえもんトースター, Doraemon toaster, 1, 04,,,
広末涼子ポスター, Hirosue Ryoko poster, 20, 04,,,
広末涼子使用済フォトフレーム, Hirosue Ryoko used photo frame, 1, 04,,,
脱毛ビデオ, Hair removal video, 1, 04,,,
ダイヤの指輪, Diamond ring, 50, 04,,,
パン粉、食用油、 天ぷら粉, Bread crumbs_ cooking oil_ tempura flour, 50, 04,,,
博多ラーメン, Hakata ramen, 50, 04,,,
焼き豚, Roasted pork, 50, 04,,,
ロブスター, Lobster, 50, 04, 04, 15800,
現金100万円他, 1 million yen in cash, 100, 04,,,
「玄米がゆセット, Brown rice porridge set, 50, 04,,,
コーヒーメーカー, Coffee maker, 50, 04,,,
北京ダック料理店「全紅華」お食事券, Peking duck restaurant "Zenkouka" meal ticket, 10, 04,,,
東料理店「廣州」お食事券, Eastern restaurant "Kwangshu" meal ticket, 50, 04,,,
マッサージ機「ビブラ」, Massage machine "Vibra", 10, 04,,,
FAX電話機, Fax phone, 1, 04,,,
パスタ詰め合わせ, Pasta assortment, 160, 04,,,
フェンディのポーチ, Fendi pouch, 50, 04,,,
フェンディの財布, Fendi wallet, 50, 04,,,
ハヤシライスのルー(6食分), Hayashi rice roux (6 servings), 50, 04,,,
ダイハツ「ストーリアOR現金(万円側), Daihatsu "Storia" OR cash (10_000 yen side), 90, 04,,,
スバル「ビストロ」, Subaru "Bistro", 50, 04,,,
日産「ルネッサ」 OR ラスベガスの旅 (日間), Nissan "R'nessa" OR Las Vegas trip (Days), 50, 04,,,
チーズの詰め合わせ, Assorted cheeses, 50, 04,,,
ポテトチップス詰め合わせ, Assorted potato chips, 51, 04,,,
リラックスチェアー(段階リクライニング式), Relax chair (step-recline type), 1, 04,,,
レストラン「サバンクール」ディナー券, Restaurant "Sabancool" dinner ticket, 1, 04,,,
ゲームソフト「バイオハザード」 PS版, Game software "Resident Evil" PS version, 1, 04,,,
豊島園(入園券と乗り物券), Toshimaen (admission ticket and ride ticket), 1, 04,,,
健康食品「ヘルシーバランス」, Healthy Balance health food, 5, 04,,,
水前寺满子 新宿口公園入場券, Suizenji Manshi Shinjuku Gate Park admission ticket, 1, 04,,,
ワイルドブルーヨコハマチケット, Wild Blue Yokohama ticket, 1, 04,,,
東京ジョイポリスパスポート, Tokyo Joypolis passport, 1, 04,,,
中華料理店「東天紅」食事券, Chinese restaurant "Toh Tian Kou" meal ticket, 1, 04,,,
モスラのたまごっち, Mothra Tamagotchi, 1, 04,,,
ヘッドホンカセットプレーヤー「ショックマン」, Headphone cassette player "Shockman", 1, 04,,,
「LUNA SEA」特製コンパクトミラー, "LUNA SEA" special compact mirror, 1, 04,,,
ギョーザ (50個), Gyoza (50 pieces), 50, 04,,,
ゲームソフト「アトラス・レプス」 (PS用), Game software "Atlas Reps" (PS version), 50, 04,,,
仏ワールドカップ観戦チケット, France World Cup tickets, 1, 04,,,
つくばワンワンランドチケット, Tsukuba Wanwan Land tickets, 1, 04,,,
ハムギフトセット, Ham gift set, 50, 04,,,
豚肉味噌漬, Pork marinated in miso, 50, 04,,,
万能鍋, All-purpose pot, 50, 04,,,
虎の置物, Tiger figurine, 1, 04,,,
CD-ROM「アートオブマリック1」, CD-ROM "Art of Maric 1", 1, 04,,,
幸運のシルバーペンダント, Lucky silver pendant, 1, 04,,,
炎のカップヌードルー, Flame cup noodle roux, 50, 04,,,
調理鍋, Cooking pot, 50, 04,,,
現金300万円, 3 million yen in cash, 50, 04,,,
ファイバーゼリー, Fiber jelly, 5, 04,,,
豆乳, Soy milk, 5, 04,,,
大麦牛, Barley beef, 50, 04,,,
水ようかん詰め合わせー, Mizu yokan assortment, 50, 04,,,
アイスクリームー, Ice cream, 50, 04,,,
アントニオ猪木「写真集」, Antonio Inoki "Photo book", 1, 04,,,
広末涼子使用済ペンボーチ, Hirosue Ryoko used pen broth, 1, 04,,,
育毛剤CTP, Hair growth agent CTP, 1, 04,,,
干物詰め合わせ, Assortment of dried fish, 50, 04,,,
サーロインステーキ肉, Sirloin steak meat, 50, 04,,,
栃木のトマト, Tochigi tomatoes, 50, 04, 04, 2500,
ドッグフードー - Nama, Dog food (raw), 225, 04, 05, 3700,
ドッグフードー - Dry, Dog food (dry), ?, 04, 05, 6400,
キャットフード, Cat food, 25, 04,,,
高級腕時計, Luxury watch, 72, 05,,,
キティちゃんのOR ピンクパンサーの通, Hello Kitty OR Pink Panther, 1, 05,,,
電動シェーバー, Electric shaver, 2, 05,,,
納豆, Natto, 50, 05,,,
ダイハツ「ストーリア」OR現金(10万円他), Daihatsu "Storia" OR cash (100_000 yen or more), 30, 05,,,
ポテトスナック菓子, Potato snacks, 221, 05,,,
ゲームソフト「エヴァンゲリオン」, Game software "Evangelion", 1, 05,,,
ディカプリオ写真集, DiCaprio photo book, 1, 05,,,
ビデオ JUNONBOY 「雑菌俊明」「根本最大」, Video JUNONBOY "Zakkin Shunmyo" "Nemoto Saikyo", 2, 05,,,
広末涼子フィギュア, Hirosue Ryoko figure, 1, 05,,,
広末涼子ノベルティバッグ, Hirosue Ryoko novelty bag, 1, 05,,,
シャ乱 オリジナル鏡, Sharan original mirror, 1, 05,,,
クッキーセット, Cookie set, 50, 05,,,
コンニャクスパゲティ, Konjac spaghetti, 50, 05,,,
柏餅セット, Kashiwamochi set, 50, 05,,,
富士通パソコン, Fujitsu computer, 30, 05,,,
パナソニックDVDプレーヤー, Panasonic DVD player, 20, 05,,,
東芝ワイドテレビ, Toshiba wide TV, 20, 05,,,
ケンウッドMDコンポ, Kenwood MD component, 20, 05,,,
ソニーコードレス電話, Sony cordless phone, 20, 05,,,
IBMノートパソコン, IBM notebook computer, 20, 05,,,
日立 電子手帳, Hitachi electronic organizer, 20, 05,,,
NTTドコモ電子手帳, NTT Docomo electronic organizer, 20, 05,,,
プラダリュック, Prada backpack, 1, 05,,,
高級洋食器セット, Luxury Western tableware set, 450, 05,,,
ステーキ肉, Steak meat, 50, 05,,,
焼き海苔セット, Roasted seaweed set, 1, 05,,,
百科辞典 OR ネクタイ, Encyclopedia OR tie, 1, 05,,,
うなぎの蒲焼き, Grilled eel, 50, 05,,,
牛ロース肉の西京焼, Beef loin saikyoyaki, 50, 05,,,
ビデオ「ワキガ治療法」, Video "Armpit odor treatment", 1, 05, 07, 3000,
カップ, Cup, 124, 05,,,
くず餅, Kudzu mochi, 50, 05,,,
カミソリ シェービングクリーム, Razor shaving cream, 51, 05,,,
仏ワールドカップ観戦ツアー, France World Cup viewing tour, 151, 05,,,
地中海旅行 (7日間) OAエプロン, Mediterranean trip (7 days) OA apron, 50, 05,,,
東京-札幌往復航空券, Tokyo-Sapporo round-trip air ticket, 20, 05,,,
ガンダム&キン肉マンのオモチャ, Gundam & Kinnikuman toys, 1, 05,,,
日本海の魚詰合わせ, Assorted fish from the Sea of ​​Japan, 50, 05,,,
真鍋一匹, Manabe Ippi, 50, 05,,,
ドッグフード各種, Various dog foods, 50, 05,,,
象印・押すだけポット 「きゅうす」, Zojirushi Press-only pot "Kyuusu", 5, 05, 06, 5000,
ムワールドカップ記念ツアーDRデジタルビデオカメラ, World Cup commemorative tour DR digital video camera, 101, 05,,,
N.Y.ワシントンの旅 (88) OR ふとん, New York Washington trip (88) OR futon, 50, 05,,,
タイ・エステの劇(8日OA セリーヌバックCA セリーヌ売, Thai beauty salon drama (8th broadcast Celine bag CA Celine sales, 50, 05,,,
日産「キューブ」, Nissan "Cube", 50, 05,,,
ダイハツ「ミラ」, Daihatsu "Mira", 50, 05,,,
ダイヤのネックレス(120万円), Diamond necklace (1.2 million yen), 10, 05,,,
コクヨの机とイス, Kokuyo desk and chair, 20, 05, 06, 99800,
スプーンセット, Spoon set, 10, 05,,,
野菜ジュース, Vegetable juice, 16, 05,,,
東京湾クルージング招待券, Tokyo Bay cruise invitation ticket, 5, 05,,,
栄養ドリンク「グロンサン」, Nutritional drink "Gronsan", 60, 05,,,
ペンダント(ムーンストーンORブルートパーズ), Pendant (moonstone OR blue topaz), 20, 05,,,
電子レンジー, Microwave oven, 50, 05,,,
ゲームソフト「クレイマン・クレイマン」 PS, Game software "Clayman Clayman" PS, 1, 05,,,
ゲームソフト「MYST」 PS版, Game software "MYST" PS version, 1, 05,,,
チーズの詰め合わせ, Assorted cheeses, 50, 05,,,
ビデオ「ロミオとジュリエット」, Video "Romeo and Juliet", 1, 05,,,
ナタデココヨーグルト, Natadecoco yogurt, 50, 05,,,
焼そば 「UFO」, Yakisoba "UFO", 50, 05,,,
Power Mac OR GATE WAY2000-100L, Power Mac OR GATE WAY2000-100L, 100, 05,,,
日産「マーチ」購入資金50万円, 500_000 yen to buy a Nissan March, 5, 05,,,
UCギフトカード1万円分, 10_000 yen worth of UC gift cards, 1, 05,,,
イタリアンレストラン「カ・テル・ボスコ」 食事券, Ca'tel Bosco Italian restaurant meal tickets, 5, 05,,,
広東料理店「廣州」食事券, Guangzhou Cantonese restaurant meal tickets, 5, 05,,,
ヨーグルト飲料, Yogurt drinks, 55, 05,,,
チョコレート, Chocolate, 200, 05,,,
JAL 香港往復航空券, JAL round trip Hong Kong air ticket, 10, 05,,,
アルプス電気プリンタ, Alps Electric printer, 10, 05,,,
ダイハツ「MOVE」, Daihatsu MOVE, 20, 05,,,
東芝ノートパソコン, Toshiba laptop, 20, 05,,,
日立ワイドテレビ32型, Hitachi 32-inch widescreen TV, 20, 05,,,
フィジー・マナ島の旅(5日間), Trip to Mana Island_ Fiji (5 days), 20, 05,,,
うどん詰め合わせ, Udon noodle assortment, 60, 05,,,
ピクター ミニコンポ, Pictor mini component system, 1, 05,,,
温泉宿泊券, Hot spring accommodation tickets, 3, 05,,,
ホンダ「Dio」, Honda Dio, 40, 05,,,
ケンウッド MDステレオー, Kenwood MD stereo, 10, 05,,,
シチズン腕時計, Citizen wristwatch, 40, 05,,,
ニュージーランドの旅 (6日間), Trip to New Zealand (6 days), 10, 05,,,
トヨタ「スパシオ」, Toyota Spacio, 10, 05,,,
ハワイ OR N.Y.の旅, Trip to Hawaii OR N.Y., 20, 05,,,
相田みつをの本「生きていてよかった」, Mitsuo Aida's book "I'm glad to be alive", 1, 05,,,
本 「物凄い精力剤を見つけた!」, Book "I found an amazing aphrodisiac!", 1, 05,,,
シリアル食品セット, Cereal food set, 1, 05,,,
そば詰め合わせ, Soba noodle assortment, 50, 05,,,
さくらんぼ, Cherries, 100, 05,,,
栃木コシヒカリ「穂の香」 5kg, Tochigi Koshihikari "Honoka" 5kg, 360, 05,,,
まな板と包丁, Chopping board and knife, 1, 05,,,
鍋 (直径18cm), Pot (18cm diameter), 50, 05,,,
干物詰め合わせ, Assorted dried fish, 100, 05,,,
チリ産ぶどう, Grapes from Chile, 150, 05,,,
リュックサック, Backpack, 1, 05,,,
アラスカ・オーロラ体験ツアー0A腕時計, Alaska Aurora Experience Tour, 50, 05,,,
??? LAB ラスベガス旅行587BDA り, ??? LAB Las Vegas trip, 50, 05,,,
ハワイ旅行 4泊6日 OR アイスクリーム, Hawaii trip 4 nights 6 days or ice cream, 50, 05,,,
パフィーのスニーカー (23.5cm), Puffy sneakers (23.5cm), 1, 05,,,
フィーのサイン入り写真シースサイン, Phi's autographed photo sheath autograph, 1, 05,,,
日産「ルキノ」, Nissan "Lucino", 20, 05,,,
ルノー 「メガーヌ・セニック」, Renault "Megane Scenic", 50, 05,,,
桃のジュースー, Peach juice, 5, 05,,,
寝顔美人マクラ, Beautiful sleeping face pillow, 5, 05,,,
エステサロン優待券, Beauty salon coupon, 5, 05,,,
ざくろ果実のジュース, Pomegranate juice, 5, 05,,,
クイーンアリス大使(1万6000円分), Queen Alice Ambassador (worth 16_000 yen), 5, 05,,,
ハローキティー特製トースター, Hello Kitty special toaster, 5, 05,,,
後楽園ゆうえんちチケット, Korakuen Amusement Park ticket, 5, 05,,,
あんみつセット, Anmitsu set, 105, 05,,,
??? ALBA SPCON」OR「G-shock」-, ??? ALBA SPCON" OR "G-shock", 7, 05,,,
モデルガン, Model gun, 5, 05,,,
洗顔フォーム&バック・, Facial cleanser & bag, 5, 05,,,
アメリカ旅行(大リーグ観戦&ハリウッド) 20通, 20 US trips (watching major league games & Hollywood), 20, 05,,,
ラスベガス旅行3泊5日, 3 nights 5 days Las Vegas trip, 5, 05,,,
フィギュア 岡部幸雄 騎手, Figure Yukio Okabe Jockey, 1, 05,,,
洋菓子, Western sweets, 120, 05,,,
和菓子, Japanese sweets, 450, 05,,,
エメラルドの指輪, Emerald ring, 1, 05,,,
婦入靴, Women's shoes, 1, 05,,,
ポータブルCDプレイヤー, Portable CD player, 2, 05,,,
サングラス, Sunglasses, 21, 05,,,
漬物詰め合わせ, Assorted pickles, 50, 05,,,
ローストビーフ, Roast beef, 50, 05,,,
栃木トマト 「桃太郎」, Tochigi tomatoes "Momotaro", 50, 05,,,
らっきょう漬け, Pickled radishes, 50, 05,,,
バッグ, Bag, 1, 05,,,
リコー懐中時計, Ricoh pocket watch, 5, 05,,,
ブルーベリーの缶詰, Canned blueberries, 5, 05,,,
藥用膏劑, Medicinal ointment, 6, 05,,,
パナソニックMDプレーヤー, Panasonic MD player, 1, 05,,,
野球ゲーム (PS用), Baseball game (for PS), 1, 05,,,
シャスナノベルティグッズ(ブラシ&調), Chuss Novelty goods (brushes & tones), 1, 05,,,
ポラロイドカメラ&フィルム, Polaroid camera & film, 20, 05,,,
NINTENDO64 & 野球ゲームソフト, Nintendo 64 & baseball game software, 20, 05,,,
シルバー製ペンダント、ピアス、ブレスレット, Silver pendants_ earrings_ bracelets, 20, 05,,,
時計ベビーG OR データバンク他, Watches BabyG OR Data Bank_ etc., 22, 05,,,
長山洋子コマ劇場公演チケット, Yoko Nagayama Koma Theater performance tickets, 1, 05,,,
ダイエット食品, Diet foods, 150, 05, 05, 2640,
ハーブ栽培セット, Herb cultivation set, 1, 05,,,
スニーカー (22cm~25cm), Sneakers (22cm~25cm), 1, 05,,,
オレンジ&マンゴジュース, Orange & mango juice, 5, 05,,,
東京ディズニーランド 15周年記念CD・, Tokyo Disneyland 15th anniversary CD, 1, 05,,,
ミッキーマウスのビデオ5作品セット・, Mickey Mouse video set of 5, 1, 05,,,
LUNA SEAの鏡, LUNA SEA's mirror, 1, 05,,,
フィギュア「サンダーバード」8体セット, Thunderbirds figure set of 8, 1, 05,,,
マツダ「ロードスター」, Mazda Roadster, 50, 05,,,
三菱「パジェロ」-, Mitsubishi Pajero -, 50, 05,,,
ローバー「ミニクーパー」, Mini Cooper Rover, 50, 05,,,
フィギュア「ゴレンジャー」OR「ターミネーター」 20, Goranger OR Terminator figure 20, 20, 05,,,
タラコ, Tarako, 50, 05,,,
カステラ詰め合わせ, Assorted castella cakes, 50, 05,,,
フルーツ&野菜ミックスジュース 50通, 50 pieces of mixed fruit and vegetable juice, 50, 05,,,
カシオ電子手帳, Casio electronic organizer, 1, 05,,,
肩こり用湿布, Compress for stiff shoulders, 5, 05,,,
ゲームソフト「G・ダライアス」 (PS用), Game software "G. Darius" (PS), 1, 05,,,
カーオーディオ, Car audio, 1, 05,,,
冷 麺, Cold noodles, 50, 05,,,
ゼリー詰め合わせ, Assorted jellies, 50, 05,,,
栃木のキュウリ(5kg), Tochigi cucumbers (5kg), 50, 05,,,
和菓子 「川越よふね」, Japanese sweets "Kawagoe Yofune", 50, 05,,,
双眼鏡, Binoculars, 50, 05,,,
自動翻訳機, Automatic translation machine, 50, 05, 06, 35000,
コクヨ オフィスチェアー, Kokuyo office chair, 1, 05,,,
テレカ「安西ひろ子」, Telephone card "Anzai Hiroko", 1, 05,,,
スパイスガールス人形OR サッカーゲームソフト(PS), Spice Girls doll OR soccer game software (PS), 1, 05,,,
マウンテンバイク, Mountain bike, 1, 05,,,
広末涼子サイン入り写真ORカレンダー, Signed photo of Hirosue Ryoko OR calendar, 1, 05,,,
広末涼子 CD, Hirosue Ryoko CD, 1, 05,,,
ウニ, Sea urchin, 50, 05,,,
米(10kg), Rice (10kg), 50, 05, 05, 5800,
フライパン(直径24cm), Frying pan (diameter 24cm), 1, 05,,,
千草忠夫選集, Selected works of Chigusa Tadao, 50, 05,,,
写真集 「白鳥智香子」, Photo book "Shiratori Chikako", 1, 05,,,
ミントスナック, Mint snack, 1, 05,,,
フィギュア「エスメラルダ&海野広」, Figure "Esmeralda & Umino Hiroshi", 1, 05,,,
ハミガキ粉, Toothpaste, 10, 05,,,
ダイエット食品, Diet food, 51, 05,,,
デュポンのライター, DuPont lighter, 50, 05,,,
ダイヤの指輪, Diamond ring, 100, 05,,,
カメラ, Camera, 50, 05,,,
お茶, Tea, 1, 05,,,
オレンジジュース, Orange juice, 1, 05,,,
マウスウォッシュ「リステリン」, Mouthwash "Listerine", 1, 05,,,
トマピー(15個), Tomato peas (15 pieces), 50, 05,,,
車海老(10), Prawns (10), 70, 05,,,
近江牛ステーキ肉 (450g), Omi beef steak (450g), 50, 05,,,
京都産松茸(200g), Matsutake mushrooms from Kyoto (200g), 150, 05,,,
毛ガニ(2ハイ), Hairy crab (2 high), 150, 05, 10, 5000,
反町隆史テレカ, Takashi Sorimachi phone card, 1, 05,,,
CDプレイヤー「SHOCK WAVE」, CD player "SHOCK WAVE", 1, 05,,,
東京ヘイ「ブルーヘランダ」食事券 (4000円分), Tokyo Hey "Blue Helanda" meal ticket (4000 yen), 1, 05,,,
ベネトン香水「ホットアンドゴールド」, Benetton perfume "Hot and Gold", 1, 05,,,
フィギュア「エドワードシザーハンズ」, Figure "Edward Scissorhands", 1, 05,,,
ナイキ OR バーバリーの財布, Nike OR Burberry wallet, 1, 05,,,
マスクメロン(2玉), Musk melon (2 pieces), 50, 05,,,
沖縄往復航空券 OR テレカ, Round-trip ticket to Okinawa OR phone card, 50, 05,,,
カーナビゲーション, Car navigation, 50, 05,,,
バッグ(カルティエORグッチ), Bag (Cartier OR Gucci), 50, 05,,,
ゲームソフト「ハロック」OR「シャイニングフォース(SS), Game software "Harlock" OR "Shining Force (SS), 1, 05,,,
藤崎奈々子テレカー, Fujisaki Nanako phone card, 1, 05,,,
???? JINRO GARDEN」食事券(3000円分), ???? JINRO GARDEN" meal ticket (3000 yen), 1, 05,,,
NINTENDO64, Nintendo 64, 1, 05,,,
パソコン用ターミナルアダプタ, PC terminal adapter, 1, 05,,,
ヴァレンティノのクッション, Valentino cushion, 1, 05,,,
カルティエの指輪, Cartier ring, 50, 05,,,
フルカリのネックレス, Fulcari necklace, 50, 05,,,
テレビ電話, Videophone, 5, 05,,,
ソファ&テーブル, Sofa & table, 5, 05,,,
デジタルカメラ&プリンター, Digital camera & printer, 5, 05,,,
ワイドテレビ&CSチューナー, Wide-screen TV & CS tuner, 5, 05,,,
ミニコンポ & 商品券3万円分, Mini component system & 30_000 yen gift certificate, 5, 05,,,
スキードーム 「ザウス」 1日券, Ski Dome "Zeus" 1-day ticket, 1, 05,,,
広末涼子テレカ, Hirosue Ryoko phone card, 2, 05,,,
広末涼子ポスター, Hirosue Ryoko poster, 8, 05, 06, 0,
高級バッグ, Luxury bags, 50, 06,,,
腕時計 セイコー & シチズン & カシオ), Watches (Seiko & Citizen & Casio), 405, 06,,,
フェンディのポーチ, Fendi pouch, 50, 06,,,
パールペンダント, Pearl pendant, 1, 06,,,
スケートボード, Skateboard, 1, 06,,,
リュックサック, Backpack, 2, 06,,,
セガサターン, Sega Saturn, 2, 06,,,
栃木ゴシヒカリ「穂の香」(5kg), Tochigi Goshihikari "Honoka" (5kg), 7, 06,,,
ノートパソコン, Notebook computer, 10, 06,,,
デジタルカメラ&プリンター, Digital camera & printer, 182, 06,,,
DVDプレイヤー, DVD player, 20, 06,,,
FAX, Fax, 10, 06,,,
カーナビゲーション, Car navigation system, 10, 06, 08, 0,
MDコンポー, MD component, 10, 06,,,
CDプレイヤー, CD player, 10, 06,,,
ビデオカメラ, Video camera, 11, 06,,,
ワイドテレビ, Wide-screen TV, 10, 06,,,
クッキー, Cookies, 56, 06,,,
カステラ, Castella, 50, 06,,,
滝沢秀明使用済みキャップ, Used cap by Hideaki Takizawa, 1, 06,,,
ともさかりえ CD, Tomosaka Rie CD, 1, 06,,,
商品券 (100万円分&1万円分), Gift certificate (1 million yen worth & 10_000 yen worth), 6, 06,,,
あんみつセット, Anmitsu set, 101, 06,,,
ナショナル電化製品50万円分, National electrical appliances worth 500_000 yen, 5, 06,,,
旅行券(100万円分&20万円分), Travel vouchers (1 million yen worth & 200_000 yen worth), 6, 06,,,
マッサージ機, Massage machine, 2, 06,,,
瘦身美容器, Body-slimming beauty device, 1, 06,,,
電気自動車, Electric car, 52, 06,,,
空気清浄器, Air purifier, 11, 06,,,
ハワイカタログショッピング, Hawaii catalog shopping, 5, 06,,,
ボルボVORパールネックレスORTのテレカ, Volvo VOR pearl necklace ORT telephone card, 50, 06,,,
デンマーク旅行, Denmark trip, 1, 06,,,
アメリカ旅行, USA trip, 20, 06,,,
ハワイ旅行, Hawaii trip, 30, 06,,,
ソウル旅行, Seoul trip, 5, 06,,,
サングラス, Sunglasses, 16, 06,,,
スイカー, Sweetener, 100, 06,,,
ティッシュペーパー, Tissue paper, 110, 06,,,
アイスクリーム, Ice cream, 250, 06, 06, 3000,
チョコレート, Chocolate, 135, 06,,,
GLAYポスター, GLAY poster, 1, 06,,,
ジープ「チェロキー」, Jeep "Cherokee", 1, 06,,,
ヒデオ「深夜特急」完全版3巻セット, Hideo "Midnight Express" complete edition 3-volume set, 1, 06,,,
体重計, Weight scale, 6, 06,,,
指輪(バール&ダイヤモンド他), Ring (crowbar & diamond etc.), 56, 06,,,
現金1万円, 10_000 yen in cash, 1, 06,,,
天ぷら & 天ぷら鍋セット, Tempura & Tempura pot set, 110, 06,,,
黒田美礼ビデオORゲームソフト, Mirei Kuroda video or game software, 1, 06,,,
カップ焼きそば, Cup yakisoba, 1, 06,,,
スピーカー, Speakers, 1, 06,,,
図書券 (5_000円分), Book vouchers (5_000 yen worth), 1, 06,,,
室内用プラネタリウム, Indoor planetarium, 1, 06,,,
水ようかん, Mizu yokan, 50, 06,,,
大月みやこコマ劇場招待券, Otsuki Miyako Koma Theater invitation ticket, 1, 06,,,
パソコン GATEWAY OR Power Mac, PC GATEWAY OR Power Mac, 10, 06,,,
手作りソーセージキット, Homemade sausage kit, 5, 06,,,
カップラーメン, Cup ramen, 351, 06,,,
野菜ジュース, Vegetable juice, 21, 06,,,
サラダドレッシング, Salad dressing, 1, 06,,,
キムチスープー, Kimchi soup, 1, 06,,,
スチームアイロン, Steam iron, 5, 06,,,
フライパン(直径24cm), Frying pan (diameter 24cm), 5, 06,,,
さくらんぼ, Cherries, 100, 06,,,
MAX・コンサートパンフレット, MAX concert pamphlet, 1, 06,,,
日本ダービーポスターー, Japan Derby poster, 1, 06,,,
NINTENDO64 OR THREA ???, Nintendo 64 or Threa???, 1, 06,,,
三波春夫コンサート招待券, Haruo Minami concert invitation ticket, 1, 06,,,
???, ???, 50, 06,,,
日産「テラノ」, Nissan Terrano, 50, 06,,,
広末涼子ポスタ, Ryoko Hirosue poster, 11, 06,,,
スクーター「スズキ・ヴェルテ」, Scooter Suzuki Verte, 40, 06,,,
CDラジカセ他, CD radio cassette player etc., 20, 06,,,
コンパクトカメラー, Compact camera, 21, 06,,,
ベイキャニオンズのテレカ, Bay Canyons telephone card, 1, 06,,,
プレイステーション, PlayStation, 1, 06,,,
カチューシャ, Headband, 1, 06,,,
PHS, PHS, 20, 06,,,
ゲームソフト「スーパーロボット大戦F」他, Game software Super Robot Wars F etc., 21, 06,,,
男性用化粧品セット, Men's cosmetics set, 20, 06,,,
ヘッドホン, Headphones, 40, 06,,,
ハウンドドッグの肩たたき, Hound Dog shoulder massage, 1, 06, 10, 1500,
フィギュア「初代ゴジラ」, Figure "First Godzilla", 6, 06,,,
ビデオ「ピンクパンサー」3巻セット, Video "Pink Panther" 3-volume set, 1, 06,,,
電光掲示ダーツ OR 麻雀牌, Electronic display darts OR mahjong tiles, 1, 06,,,
山形米 「はえぬき」 (5kg), Yamagata rice "Haenuki" (5kg), 50, 06,,,
タカラ「人生ゲームEX」, Takara "Game of Life EX", 5, 06,,,
エレキギター, Electric guitar, 5, 06,,,
インターネット接続機, Internet connection device, 5, 06,,,
サイパン旅行, Saipan trip, 5, 06,,,
ふりかけ, Furikake, 5, 06,,,
ざるうどん、ひやむぎ、そうめんセット, Zaru udon_ hiyamugi_ somen set, 5, 06,,,
ビーフン, Rice vermicelli, 5, 06,,,
中山美穂ノベルティー「クローハー鉢植え｣, Nakayama Miho novelty "Crowher potted plant", 5, 06,,,
ハーブ栽培セット, Herb cultivation set, 5, 06,,,
ポラロイドカメラ&フィルム, Polaroid camera & film, 20, 06,,,
竹垣根, Bamboo fence roots, 5, 06,,,
ドッグフード(ドライ), Dog food (dry), 5, 06,,,
キャットフード(ドライ), Cat food (dry), 5, 06,,,
ブルーベリー, Blueberries, 5, 06,,,
ダイエット食品, Diet food, 5, 06,,,
淨水器, Water purification device, 25, 06,,,
うどん詰め合わせ, Udon assortment, 5, 06,,,
ビデオ「アントニオ猪木 引退試合1・2」, Video "Antonio Inoki "Retirement Match 1 & 2", 10, 06,,,
写真集「アントニオ猪木」, Photobook "Antonio Inoki", 10, 06,,,
スチームアイロン, Steam iron, 5, 06,,,
育毛剤, Hair growth agent, 5, 06,,,
体脂肪計, Body fat scale, 16, 06,,,
「香水「ヒューゴ」, Perfume "Hugo", 1, 06,,,
フルーツゼリー詰め合わせ, Assorted fruit jellies, 50, 06,,,
メロン(2玉), Melon (2 pieces), 100, 06,,,
グッチのバッグ, Gucci bag, 1, 06,,,
ドコモ「モバイル・ギア」, Docomo "Mobile Gear", 1, 06,,,
ミニカーセット, Mini car set, 1, 06,,,
バレンチノの傘, Valentino umbrella, 1, 06,,,
アクセサリー(シルハーOAプラチナ), Accessories (Silhar OA Platinum), 50, 06,,,
ビデオデッキRテレカ, Video deck R telephone card, 50, 06,,,
だしつゆセット-, Dashi soup set -, 10, 06,,,
ミッキーマウスの爪切り, Mickey Mouse nail clippers, 1, 06,,,
シューズラック, Shoe rack, 1, 06,,,
ナイキのバッグ, Nike bag, 1, 06,,,
シャープ「パワーザウルス」, Sharp "Powersaurus", 50, 06,,,
MDプレイヤー, MD player, 50, 06,,,
ゴルフクラブ&キャディバッグ, Golf clubs & caddy bag, 50, 06,,,
自転車, Bicycle, 100, 06,,,
ゴルフボール(1ダース), Golf balls (1 dozen), 10, 06,,,
ホテル「マイユクール」(1_000円分), Hotel "Maille Coeur" (1_000 yen), 1, 06,,,
アロマキャンドル, Aromatherapy candle, 2, 06,,,
レストラン「カプリチョーザ」 食事券(4名分), Restaurant "Capricciosa" meal ticket (4 people), 1, 06,,,
携帯ゲーム｢てくてくエンジェル」, Mobile game "Tekuteku Angel", 1, 06,,,
レストラン「ロックンロールダイナー」 食事券, Restaurant "Rock 'n' Roll Diner" Meal ticket, 1, 06,,,
キティちゃんのシール, Hello Kitty sticker, 1, 06,,,
ポテトスナックー, Potato snack, 1, 06,,,
カヌー, Canoe, 1, 06,,,
グアム旅行(4日間), Trip to Guam (4 days), 50, 06,,,
MDプレイヤー, MD player, 50, 06,,,
ゲームソフト「億万長者への道」, Game software "The Road to Millionaire", 1, 06,,,
香水「サムライ」, Perfume "Samurai", 2, 06,,,
スニーカー, Sneakers, 1, 06,,,
MD, MD, 1, 06,,,
スウェードの靴, Suede shoes, 1, 06,,,
双眼鏡, Binoculars, 11, 06,,,
十徳ナイフ, Seven-in-one knife, 1, 06,,,
ラルク・アン・シエルの計算機, L'Arc-en-Ciel calculator, 1, 06,,,
コードレス電話機, Cordless phone, 50, 06,,,
香水「サニー・フルッティ」, Perfume "Sunny Frutti", 50, 06,,,
アメリカ旅行 5泊7日 OA CDプレイヤー, Trip to America 5 nights 7 days OA CD player, 10, 06,,,
プラチナ・ネックレスー, Platinum necklace, 10, 06,,,
矢部美穂ビデオORゲームソフト, Miho Yabe video OR Game software, 1, 06,,,
ゲームソフト「ザ・キング・オブ・ファイターズ '97」, Game software "The King of Fighters '97", 1, 06,,,
サッカーボールOR日本代表応ハッピ 子, Soccer ball OR Japan national team happi coat, 1, 06,,,
ルアープ セットDA OR CDプレーヤー, Lurep set DA OR CD player, 1, 06,,,
水ようかん詰め合わせ, Mizu-yokan assortment, 1, 06,,,
栄養食品, Nutritional foods, 50, 06,,,
女性用水着, Women's swimsuit, 10, 06,,,
ざるうどん、ひやむぎ、そうめん, Zaru udon_ hiyamugi_ somen, 10, 06,,,
電動シェーバー, Electric shaver, 101, 06,,,
ゴルフ用日傘, Golf parasol, 10, 06,,,
本「ルアーフィッシング入門」, Book "Introduction to lure fishing", 5, 06,,,
携帯電話ハンズフリーキット, Cell phone hands-free kit, 1, 06,,,
とうもろこし(5kg), Corn (5kg), 50, 06,,,
ぶどう「デラウェア (2kg), Grapes "Delaware" (2kg), 50, 06,,,
ドッグフード(ドライ&生タイプ), Dog food (dry & fresh), 10, 06,,,
コーヒー詰め合わせ&カップマフィンセット, Coffee assortment & cup muffin set, 10, 06,,,
光岡自動車「ビュート」, Mitsuoka Motors "Viewt", 55, 06,,,
沖縄往復航空券, Round-trip air ticket to Okinawa, 55, 06,,,
テレビデオ (21型), TV (21-inch), 55, 06,,,
電子ジャー, Electric rice cooker, 55, 06,,,
掃除機, Vacuum cleaner, 55, 06,,,
洗濯機, Washing machine, 55, 06,,,
電子レンジ, Microwave, 55, 06,,,
冷藏庫, Refrigerator, 55, 06,,,
パスタ パスタソース&オリーフオイル, Pasta with pasta sauce & olive oil, 20, 06,,,
バナナシェイクソフトー, Banana shake soft serve, 20, 06,,,
裁縫セット, Sewing set, 20, 06, 07, 2500,
梅酒, Plum wine, 20, 06,,,
納豆, Natto, 50, 06,,,
ヨーグルト飲料, Yogurt drink, 30, 06,,,
フランスW杯トレーティングカード, France World Cup trading card, 10, 06,,,
布袋寅泰テレカ, Tomoyasu Hotei phone card, 1, 06,,,
パソコン「VAIO」, Computer "VAIO", 10, 06,,,
ドコモ 「ポケットボード」, Docomo "Pocket Board", 1, 06, 08, 12800,
広末涼子の折りたたみ傘OR サイン入りボラ, Hirosue Ryoko's folding umbrella OR signed mullet, 106, 06,,,
バリ旅行 OR 商品券5万円 他, Bali trip OR 50_000 yen gift certificate Others, 60, 06,,,
ファッションショーチケット他, Fashion show tickets_ etc., 11, 06,,,
旅行券30万円分, Travel vouchers worth 300_000 yen, 50, 06,,,
ビデオ「南仏プロヴァンス花の旅」, Video "Flower Journey in Provence_ France", 1, 06,,,
ゲムソフト「鉄拳2」他9枚組(PS用), Game software "Tekken 2" and other 9-disc set (for PS), 1, 06,,,
ウインドサーフィン・レッスンチケット, Windsurfing lesson tickets, 50, 06,,,
はちみつ, Honey, 10, 06,,,
フルーツジュース, Fruit juice, 10, 06,,,
米「ひとめぼれ」(5kgOR2kg), Rice "Hitomebore" (5kg or 2kg), 100, 06,,,
ボディーローション, Body lotion, 10, 06,,,
冷凍食品「パンケーキ」他, Frozen food "Pancakes" and others, 10, 06,,,
美白エッセンス, Whitening essence, 10, 06,,,
歯みがきセットー, Toothbrush set, 20, 06,,,
レトルト食品&カップラーメン・, Retort food & cup ramen_, 10, 06,,,
インスタントスパゲティ, Instant spaghetti, 50, 06,,,
ゲームソフト「ワールドカップフランス99」他, Game software "World Cup France 99" and others, 21, 06,,,
アクセサリー, Accessories, 11, 06,,,
婦人用衣類他, Women's clothing_ etc., 11, 06,,,
クイズ賞金総額12万円ORテレカ, Quiz prize money total 120_000 yen or telephone card, 1, 06,,,
サーフィンイタリアンレストラン 530円, Surfing Italian restaurant 530 yen, 2, 06,,,
安西ひろこテレカ, Hiroko Anzai phone card, 1, 06,,,
アルコール飲料, Alcoholic drinks, 10, 06,,,
水ようかんとゼリーの詰め合わせ, Mizu-yokan and jelly assortment, 10, 06,,,
ミネラルウォーター, Mineral water, 1, 06,,,
携帯型ゲーム「バーチャル競馬」, Handheld game "Virtual horse racing", 1, 06,,,
蚊とり器, Mosquito repellent, 1, 06,,,
「フィギュア「初代ゴジラ」OR「ハニーカール」, Figure "Original Godzilla" or "Honey Curl", 30, 06,,,
ルーズソックス, Loose socks, 1, 06,,,
ドライヤー, Hair dryer, 10, 06, 07, 3900,
リンゴジュース, Apple juice, 10, 06,,,
電卓, Calculator, 10, 06,,,
お茶碗セット, Rice bowl set, 10, 06,,,
ところてん手作りキット, Tokoroten handmade kit, 10, 06,,,
骨付きカルビ・キムチセット, Bone-in short rib and kimchi set, 1, 06,,,
鮭の缶詰, Canned salmon, 50, 06,,,
映画「スパイス・ザ・ムービー」前売券&フィギュア, Advance tickets and figures for the movie "Spice the Movie", 10, 06, 08, 0,
スナック菓子, Snacks, 10, 06,,,
パスタ&ソース&チーズ他, Pasta_ sauce_ cheese_ etc., 35, 06,,,
SPEED主演映画「アントロメティア」 招待券, Tickets for the movie "Anthrometia" starring SPEED, 1, 06,,,
広末涼子サイン&イラスト入りサンタル, Santal with Hirosue Ryoko's autograph and illustration, 2, 06,,,
広末涼子テレカ, Hirosue Ryoko phone card, 3, 06 1,,,
広末涼子ホワイトボードー, Hirosue Ryoko whiteboard, 10, 06,,,
バッグ(サムソナイトORグッチ), Bags (Samsonite or Gucci), 120, 07,,,
ディズニーグッズ, Disney goods, 10, 07,,,
ダイエット食品, Diet foods, 16, 07,,,
トヨタ スターレット」, Toyota Starlet, 10, 07,,,
腕時計, Watches, 181, 07,,,
ハワイ旅行, Trip to Hawaii, 60, 07,,,
脱毛器, Hair removal device, 11, 07,,,
旅行券(10万円分), Travel voucher (100_000 yen), 21, 07,,,
長谷川温泉宿泊券, Hasegawa Onsen accommodation voucher, 10, 07,,,
FAX電話, Fax phone, 1, 07,,,
炊飯器, Rice cooker, 10, 07,,,
アクセサリ, Accessories, 111, 07,,,
イギリス旅行, Trip to England, 10, 07,,,
米 「コシヒカリ」 (20kg), Rice "Koshihikari" (20kg), 10, 07,,,
プレイステーション, PlayStation, 2, 07,,,
リストバンド, Wristband, 6, 07,,,
日産「キューブ」, Nissan "Cube", 10, 07,,,
商品券, Gift certificate, 15, 07,,,
国内線ペア航空券, Domestic flight tickets for two, 30, 07,,,
ゴルフ場1日プレー券, Golf course one-day play ticket, 10, 07,,,
ホテル招待券, Hotel invitation ticket, 20, 07,,,
杉良太郎 公演チケット, Ryotaro Sugi performance ticket, 10, 07,,,
高速バスペアチケット, Expressway bus ticket for two, 10, 07,,,
観光船ペアチケット, Sightseeing boat ticket for two, 10, 07,,,
平和島クアハウス招待券, Heiwajima Kuahaus invitation ticket, 10, 07,,,
ともさかりえ OR SPEED ポスター, Tomosaka Rie OR SPEED poster, 1, 07,,,
フィギュア「セッターペリカン」, Figure "Setter Pelican", 1, 07,,,
香水, Perfume, 21, 07,,,
ウェットスーツ, Wetsuit, 1, 07,,,
カップラーメン, Cup ramen, 21, 07,,,
ゴルフボール, Golf balls, 100, 07,,,
釣り具セット, Fishing tackle set, 50, 07,,,
三菱 「ミニカ」, Mitsubishi "Minica", 1, 07,,,
電動歯ブラシ 他, Electric toothbrush etc., 52, 07,,,
スナック菓子, Snacks, 220, 07,,,
CD-ROM版 マルチメディア百科辞典, CD-ROM version Multimedia encyclopedia, 1, 07, 09, 10000,
ネイルカラー, Nail color, 1, 07,,,
ローラーブレード, Roller blades, 1, 07,,,
净水器, Water purifier, 11, 07,,,
ゴルフ用傘, Golf umbrella, 1, 07,,,
競輪日本選手権ビデオ, Japan Keirin Championship video, 1, 07, 09, 4800,
クイズ賞金10万円, Quiz prize money 100_000 yen, 50, 07,,,
新車購入資金50万円クーポン, 500_000 yen coupon for purchasing a new car, 50, 07,,,
映画「ジャッカル」 オリジナル時計, Movie "The Jackal" Original watch, 10, 07,,,
レストラン「カプリチョーザ」 食事券, Restaurant "Capricciosa" Meal voucher, 5, 07,,,
横浜ドリームランドチケット, Yokohama Dreamland ticket, 1, 07,,,
フィギュア「スパイス・ガールズ」 5体セット, Figure "Spice Girls" 5-piece set, 5, 07,,,
現金一万円, 10_000 yen cash, 1, 07,,,
ワイン&香辛料, Wine & spices, 1, 07,,,
ヘッドホン, Headphones, 1, 07,,,
シャンプー&コンディショナー, Shampoo & conditioner, 5, 07,,,
手作りソーセージキット, Homemade sausage kit, 50, 07,,,
ゼリー, Jelly, 45, 07, 08, 4074,
扇風機, Electric fan, 15, 07,,,
本「キャシー中島のハワイアンキルト」, Book "Kathy Nakajima's Hawaiian Quilt", 1, 07,,,
ポテトチップス, Potato chips, 1, 07,,,
安西ひろこサイン入りポラ, Polaroid autographed by Anzai Hiroko, 1, 07,,,
体脂肪計, Body fat scale, 218, 07,,,
食器セット, Dishware set, 10, 07,,,
サングラス, Sunglasses, 160, 07,,,
双眼鏡, Binoculars, 52, 07,,,
食パン, Bread, 150, 07,,,
スパゲティ, Spaghetti, 50, 07,,,
米「はえぬき」 (2kg), Rice "Haenuki" (2kg), 50, 07,,,
米「たくわえくん」 (2kg), Rice "Takuwae-kun" (2kg), 60, 07, 08, 750,
タラコ, Tarako, 15, 07,,,
風鈴, Wind chimes, 25, 07,,,
ゲームソフト「THE ビストロ」, Game software "THE Bistro", 1, 07,,,
ポラロイドカメラ, Polaroid camera, 7, 07,,,
ドコモ・ポケットボード, Docomo Pocket Board, 81, 07,,,
ハイキング用ステッキ, Hiking walking stick, 1, 07,,,
テレビ, Television, 20, 07,,,
ドライブルーベリ, Dried blueberries, 50, 07,,,
水なす漬, Pickled eggplant, 50, 07, 08, 4800,
水ようかん, Mizu yokan, 150, 07,,,
前川清 新宿コマ劇場 公演チケット, Maekawa Kiyoshi Shinjuku Koma Theater Concert tickets, 1, 07,,,
日産「セフィーロ」, Nissan Cefiro, 50, 07,,,
TMレボリューションのパーカー, TM Revolution hoodie, 1, 07,,,
アルコール飲料, Alcoholic drinks, 2, 07,,,
オペル「VITA」, Opel VITA, 50, 07,,,
サッカーシューズ, Soccer shoes, 50, 07,,,
みそ漬け詰め合わせ, Assorted miso pickles, 100, 07,,,
将棋盤, Shogi board, 1, 07,,,
薬品用カプセル, Chemical capsules, 5, 07,,,
ラジコンカ, Radio-controlled car, 5, 07,,,
CDプレイヤー, CD player, 5, 07,,,
甘口大根栽培セット, Sweet radish cultivation set, 5, 07,,,
スカーフ, Scarf, 100, 07,,,
筋子一夜漬け, Salted salmon roe, 1, 07,,,
ケーキ, Cake, 10, 07,,,
サイパン旅行, Saipan trip, 50, 07,,,
浮き輪&ゴーグル, Floor ring & goggles, 1, 07,,,
「ルネッサ伊豆高原」宿泊券, R'nessa Izu Kogen accommodation ticket, 5, 07,,,
用掃除機, Vacuum cleaner, 5, 07,,,
レンジ用調理容器, Microwave cooking container, 5, 07,,,
財布, Wallet, 5, 07,,,
電卓, Calculator, 5, 07,,,
つけまつ毛, False eyelashes, 3, 07,,,
エステ体験チケット, Beauty salon experience ticket, 60, 07,,,
帽子, Hat, 50, 07,,,
ビリヤードレッスンチケット, Billiards lesson ticket, 1, 07,,,
ボディボード, Bodyboard, 1, 07,,,
広末涼子ビデオ, Hirosue Ryoko video O, 1, 07,,,
広末涼子ストラップ, Hirosue Ryoko strap, 1, 07,,,
広末涼子サイン色紙, Hirosue Ryoko autographed color paper, 6, 07,,,
ワイドテレビ, Widescreen TV, 50, 07,,,
ビデオカメラ, Video camera, 116, 07,,,
ビデオデッキ, Video deck, 51, 07,,,
MDコンポ, MD component, 86, 07,,,
タオル, Towel, 10, 07,,,
そば詰め合わせ, Soba assortment, 1, 07,,,
豆腐, Tofu, 50, 07,,,
スナック菓子, Snacks, 50, 07,,,
オレンジジュース, Orange juice, 50, 07,,,
冷凍レンジ食品, Frozen microwave foods, 50, 07,,,
焼肉だれ, Yakiniku sauce, 5, 07,,,
栄養補助食品, Dietary supplements, 5, 07,,,
アイシングスプレー, Icing spray, 9, 07,,,
ブーツー, Boots, 2, 07,,,
プレイステーション用 メモリーカード, Playstation Memory card, 1, 07,,,
殺虫剤, Insecticide, 1, 07,,,
女性用水着, Women's swimsuits, 1, 07,,,
チョコレート, Chocolate, 50, 07,,,
マラカス, Maracas, 5, 07,,,
廣東料理「翠紅樓」食事券, Cantonese cuisine "Cuihonglou" meal ticket, 50, 07,,,
育毛剤, Hair growth agent, 5, 07,,,
ラジコンカ, Radio-controlled car, 5, 07,,,
東京全日空ホテル食事券, Tokyo ANA Hotel meal ticket, 50, 07,,,
キャップ, Cap, 2, 07,,,
ゲームソフト 「クレイマン・クレイマン」, Game software "Clayman Clayman", 1, 07,,,
日産 ラシーン・フォルザ」, Nissan "Racine Forza", 35, 07,,,
DVDプレーヤー, DVD player, 35, 07,,,
オクマビーチランド宿泊券, Okuma Beach Land accommodation voucher, 25, 07,,,
東京沖縄間往復航空券, Round-trip air ticket between Tokyo and Okinawa, 25, 07,,,
キーホルダー-, Keychain-, 1, 07,,,
ローラーブレード, Roller blades, 1, 07,,,
海苔詰め合わせ, Assorted seaweed, 50, 07,,,
パリ旅行, Trip to Paris, 25, 07,,,
電動自転車, Electric bicycle, 70, 07,,,
マウンテンバイク, Mountain bike, 50, 07,,,
SMAP中居君使用済ウクレレ, SMAP Nakai's used ukulele, 1, 07,,,
本「人間のあり方」 船井幸雄, Book: The Way of Humanity" by Funai Yukio, 1, 07,,,
松田純テレカ, Matsuda Jun telephone card, 1, 07,,,
天体望遠鏡, Telescope, 50, 07,,,
リラクゼーションマシーン, Relaxation machine, 50, 07,,,
現金100万円, 1 million yen in cash, 1, 07,,,
シャンパングラス, Champagne glasses, 5, 07,,,
扇風機, Electric fan, 5, 07,,,
UNO, UNO, 5, 07,,,
CD-ROM版アイドル写真集, CD-ROM version of idol photo book, 5, 07,,,
ホテル宿泊券, Hotel accommodation voucher, 100, 07,,,
米「きらら397」(10kg), US "Kirara 397" (10kg), 50, 07,,,
浮き輪, Flooring ring, 8, 07, 08, 1200,
広末涼子ポスター OR サイン色紙, Hirosue Ryoko poster OR Signed colored paper, 1, 07,,,
フィギュア「スパイス・ガールズ」, Figure "Spice Girls", 5, 07,,,
リップクリーム, Lip balm, 5, 07,,,
扇子, Folding fan, 1, 07,,,
パソコン, Computer, 34, 07,,,
タオル, Towel, 5, 07,,,
美容液, Beauty serum, 5, 07,,,
香辛料, Spices, 5, 07,,,
現金1万円ORテレカ, 10_000 yen cash or telephone card, 1, 07,,,
アイスクリーム, Ice cream, 151, 07,,,
カレー, Curry, 25, 07,,,
脱毛器, Hair removal machine, 5, 07,,,
ジャム, Jam, 10, 07,,,
せんべい, Rice crackers, 5, 07,,,
キムチスープ&野菜スープ, Kimchi soup & vegetable soup, 5, 07,,,
バター-, Butter, 5, 07,,,
クッキー, Cookies, 5, 07,,,
ラーメン, Ramen, 55, 07,,,
ヨーグルト, Yogurt, 5, 07,,,
冷凍レンジ食品, Frozen microwave foods, 5, 07,,,
エステ招待券, Spa treatment invitation voucher, 5, 07,,,
歯磨きセット, Toothbrush set, 5, 07, 08, 1490,
米「ひとめぼれ」(10kg), Rice "Hitomebore" (10kg), 50, 07,,,
うどん, Udon, 5, 07,,,
プレイステーションORテレビー, PlayStation or TV, 1, 07,,,
あんみつ, Anmitsu, 51, 07,,,
ゲームソフト「ポケットファイター」(PS用), Game software "Pocket Fighter" (PS version), 1, 07,,,
リュックサック, Backpack, 1, 07,,,
レストラン食事券, Restaurant meal voucher, 10, 07,,,
ホテル宿泊券, Hotel accommodation voucher, 5, 07,,,
携帯ゲーム「ペプシマン・パワージム」 他, Mobile game "Pepsiman Power Gym" and others, 10, 07,,,
電気シェーバー, Electric shaver, 152, 07,,,
プラチナジュエリーオーダー券(10万円相当), Platinum jewelry order voucher (worth 100_000 yen), 50, 07,,,
米「あきたこまち」(10kg), Rice "Akitakomachi" (10kg), 50, 07,,,
化粧品セット, Cosmetics set, 2, 07,,,
ジュース, Juice, 10, 07,,,
ゴルフシューズ, Golf shoes, 5, 07,,,
米「はえぬき」(10kg), Rice "Haenuki" (10kg), 100, 07,,,
手打そばセット, Hand-made soba set, 5, 07,,,
アジ・サンマ・カレイ・ホッケ, Horse mackerel_ saury_ flounder_ Atka mackerel, 35, 07,,,
ライター, Lighter, 5, 07,,,
米 「宮崎コシヒカリ」(3kg), Rice "Miyazaki Koshihikari" (3kg), 50, 07,,,
ポテトスナック, Potato snacks, 100, 07,,,
JUDY&MARY のボラ, JUDY&MARY mullet, 1, 07,,,
米「福島コシヒカリ」(10kg), Fukushima Koshihikari rice (10kg), 50, 07,,,
アントニオ猪木写真集, Antonio Inoki photo book, 1, 07,,,
鍋, Hot pot, 105, 07,,,
携帯電話, Cell phone, 5, 07,,,
空気清淨機, Air purifier, 15, 07,,,
野菜栽培セット, Vegetable cultivation set, 5, 07,,,
浮き輪, Flooring ring, 6, 07,,,
広末涼子クリアファイル, Hirosue Ryoko clear file, 7, 07,,,
広末涼子テレカ, Hirosue Ryoko telephone card, 12, 07,,,
広末涼子自筆署中見舞, Hirosue Ryoko's handwritten condolence message, 2, 07,,,
クッキー, Cookies, 50, 08,,,
とうもろこし, Corn, 50, 08,,,
パスタセット, Pasta set, 50, 08,,,
ゼリー, Jelly, 225, 08,,,
アルコール飲料, Alcoholic drinks, 70, 08,,,
ホテル宿泊券, Hotel accommodation voucher, 230, 08, 09, 0,
サングラス, Sunglasses, 105, 08,,,
山口紗弥加テレカ, Yamaguchi Sayaka telephone card, 1, 08,,,
レストラン食事券, Restaurant meal voucher, 5, 08,,,
マツダ「ファミリア」, Mazda "Familia", 50, 08,,,
冷凍レンジ食品, Frozen microwave food, 5, 08,,,
電気クーラーバック, Electric cooler bag, 1, 08,,,
青木裕子テレカ, Aoki Yuko telephone card, 1, 08,,,
プレイステーション&ゲームソフト, PlayStation & game software, 172, 08,,,
フィギュア「初代ゴジラ」, Figure "Original Godzilla", 10, 08,,,
アクセサリー, Accessories, 76, 08,,,
ライター, Lighter, 111, 08, 08, 28000,
ベルト, Belt, 10, 08,,,
フィットネスジムギフト券, Fitness gym gift certificate, 10, 08,,,
べに花油&オリーブ油, Safflower oil & olive oil, 10, 08,,,
赤ワインタブレット, Red wine tablet, 10, 08,,,
缶コーヒー, Canned coffee, 10, 08,,,
布団, Futon, 101, 08,,,
フィギュア「スポーン」, Figure "Spawn", 1, 08,,,
音楽ギフトカード, Music gift card, 1, 08,,,
育毛剤, Hair growth agent, 5, 08,,,
タトゥーシール, Tattoo sticker, 1, 08,,,
鍋, Pot, 210, 08, 12, 5000,
ダイハツ「ストーリア」, Daihatsu "Storia", 25, 08,,,
電動自転車, Electric bicycle, 25, 08,,,
ワイドテレビ, Wide-screen TV, 25, 08,,,
ダイエットグッズ, Diet goods, 5, 08,,,
ポラロイドカメラ, Polaroid camera, 5, 08,,,
ハーレーダビットソン「FLSTS」, Harley Davidson "FLSTS", 30, 08,,,
ビデオデッキ, Video deck, 30, 08,,,
スズキ「ワゴンR」, Suzuki "Wagon R", 30, 08,,,
現金30万円, 300_000 yen in cash, 60, 08,,,
ローバー「ミニ・メイファ｣, Rover "Mini Mayfa", 30, 08,,,
香水, Perfume, 46, 08,,,
コラーゲン入りジュース, Juice with collagen, 5, 08,,,
タオル, Towel, 5, 08,,,
洗口液-, Mouthwash -, 5, 08,,,
ゴーグル型テレビ, Goggle-type TV, 1, 08,,,
バッグ, Bag, 4, 08,,,
吉田里深 写真集, Yoshida Satomi photo book, 1, 08,,,
ミッキーマウスの絵 OR クッション, Mickey Mouse picture OR Cushion, 1, 08,,,
トースター, Toaster, 20, 08,,,
ベンツOR ホンダ「キャバ」, Benz OR Honda "Cabaret", 30, 08,,,
パソコン用品, Computer supplies, 180, 08,,,
オーディオセット, Audio set, 135, 08,,,
三菱「パジェロミニ」, Mitsubishi "Pajero Mini", 30, 08,,,
スバル「レガシィ」, Subaru "Legacy", 30, 08,,,
梨 (5kg), Pear (5kg), 50, 08,,,
F-1観戦ヨーロッパ旅行, F-1 European trip, 30, 08,,,
ボストン旅行, Boston trip, 30, 08,,,
ニューカレドニア旅行, New Caledonia trip, 30, 08,,,
ベルギー&フランス旅行, Belgium & France trip, 30, 08,,,
子供用クルマ型三輪車, Children's car-shaped tricycle, 10, 08,,,
マグカップ&皿, Mugs & plates, 10, 08,,,
豆腐, Tofu, 10, 08,,,
電気シェーバー, Electric shaver, 10, 08,,,
世界一周航空券, Round-the-world ticket, 30, 08,,,
カリブ海クルーズチケット, Caribbean cruise ticket, 60, 08,,,
フィリピン旅行, Philippines trip, 30, 08,,,
ラスベガス旅行, Las Vegas trip, 30, 08,,,
ぬいぐるみ, Plush toys, 5, 08,,,
カーナビ, Car navigation system, 50, 08, 09, 0,
電動力氷器, Electric ice maker, 10, 08,,,
ビデオ「ウルトラマンティガ&ウルトラマンダイナ」, Video "Ultraman Tiga & Ultraman Dyna", 15, 08,,,
男性用化粧品, Men's cosmetics, 5, 08,,,
ゲームボーイライト, Game Boy Light, 1, 08,,,
コードレス電話機, Cordless phone, 1, 08,,,
麻雀牌OR腹筋マシーン, Mahjong tiles OR abdominal muscle machine, 1, 08,,,
トヨタ「ビスタ」OR「アルティオリ」, Toyota "Vista" OR "Altiori", 100, 08,,,
デジタルカメラ, Digital Camera, 131, 08,,,
ニンテンドー64&ゲームソフト, Nintendo 64 & game software, 50, 08,,,
ビザ無料交換チケット, Visa free exchange ticket, 5, 08,,,
ヘッドホン, Headphones, 5, 08,,,
空気清淨機, Air purifier, 1, 08,,,
キャンピングセット, Camping set, 50, 08,,,
旅行券(1万円分), Travel voucher (10_000 yen), 5, 08,,,
ゲームソフト 「ポケットピカチュウ」, Game software "Pocket Pikachu", 5, 08,,,
テニスシューズ, Tennis shoes, 5, 08,,,
野菜栽培セット, Vegetable cultivation set, 5, 08,,,
もののけ姫CD, Princess Mononoke CD, 5, 08,,,
双眼鏡, Binoculars, 5, 08,,,
日産テラノ, Nissan Terrano, 50, 08,,,
海鮮スナック, Seafood snacks, 55, 08,,,
チャイルドシート, Child car seat, 1, 08,,,
そば, Soba, 10, 08,,,
食器乾燥器, Dish dryer, 50, 08,,,
ゴルフボール, Golf ball, 5, 08,,,
折りたたみイス, Folding chair, 5, 08,,,
みそ, Miso, 50, 08,,,
蒸し器, Steamer, 5, 08,,,
ソーセージ, Sausage, 5, 08,,,
カレー, Curry, 5, 08,,,
栄養ビスケット, Nutritional biscuits, 5, 08,,,
スナック菓子, Snacks, 15, 08,,,
ふりかけ, Furikake, 6, 08,,,
パン用調味料, Bread seasoning, 1, 08,,,
ドレッシング, Dressing, 1, 08,,,
野菜ジュース, Vegetable juice, 1, 08,,,
図書券 (5千円分), Book voucher (5_000 yen), 1, 08,,,
ともさかりえ使用済みワンピース, Tomosaka Rie used one-piece, 1, 08,,,
広末涼子使用済みTシャツ, Hirosue Ryoko used T-shirt, 1, 08,,,
広末涼子テレカ, Hirosue Ryoko phone card, 1, 08,,,
広末涼子ノベルティバッグ, Hirosue Ryoko novelty bag, 3, 08,,,
広末涼子等身大ポスター, Hirosue Ryoko life-size poster, 1, 08,,,
ユーラシア大陸横断片道チケット, Ticket for the Eurasian continental fragmentation road, 75, 08,,,
ステレオ, Stereo, 30, 08,,,
DVDプレイヤー, DVD player, 30, 08,,,
MDプレイヤー, MD player, 30, 08,,,
ヘッドホン, Headphones, 30, 08, 09,,
ゴーグル型テレビー, Goggle-type TV, 30, 08,,,
角田智美テレカ, Kakuta Tomomi phone card, 1, 08,,,
吉田里深テレカ, Yoshida Satomi phone card, 1, 08,,,
ゲームソフト「夢色いろ」, Game software "Yumeiroiro", 1, 08,,,
電動歯ブラシ, Electric toothbrush, 100, 08,,,
缶ジュース, Canned juice, 5, 08,,,
男性用化粧品, Men's cosmetics, 5, 08,,,
ボードゲーム 「人生ゲーム平成版X」, Board game "Game of Life Heisei version X", 1, 08,,,
サンダル, Sandals, 50, 08,,,
米「宮崎コシヒカリ」(3kg), Rice "Miyazaki Koshihikari" (3kg), 100, 08,,,
アイスクリーム, Ice cream, 55, 08,,,
ガラス, Glass, 50, 08,,,
そば, Soba, 50, 08,,,
麺つゆ, Noodle soup, 50, 08,,,
昆布だし, Kombu dashi, 50, 08,,,
ビーフジャーキー・, Beef jerky, 50, 08,,,
ゲーム「あつめてゴジラ」, Game "Godzilla Collection", 5, 08,,,
しょうゆ, Soy sauce, 5, 08,,,
エアーマット, Air mattress, 50, 08,,,
トヨタ「セリカ｣・, Toyota "Celica", 50, 08,,,
FAX, Fax, 100, 08,,,
カーオーディオー, Car audio, 50, 08,,,
テレビ電話, Videophone, 50, 08,,,
ドコモ「モバイル・ギア」, Docomo "Mobile Gear", 50, 08,,,
ポケットベル, Pager, 10, 08,,,
ビデオ「船木誠勝VSガイ・メッツァー」, Video "Funaki Masakatsu VS Guy Metzer", 1, 08,,,
森ひろこテレカ, Mori Hiroko phone card, 1, 08,,,
松田 純テレカ, Matsuda Pure telephone card, 1, 08,,,
CDプレイヤー, CD player, 1, 08,,,
ガンダムテレカ, Gundam telephone card, 5, 08,,,
ひげ剃り, Shaver, 5, 08,,,
塩, Salt, 5, 08,,,
生しょうが, Fresh ginger, 100, 08,,,
アムステルダム旅行, Trip to Amsterdam, 50, 08,,,
イタリア旅行, Trip to Italy, 50, 08,,,
車購入資金100万円, 1 million yen to buy a car, 50, 08,,,
「ボルボV40エステート」, "Volvo V40 Estate", 50, 08,,,
スクーター, Scooter, 50, 08,,,
ボディボード, Bodyboard, 200, 08,,,
クーラーボックス, Cooler box, 50, 08,,,
ジャニーズJr 滝沢君使用済リング, Johnny's Jr. Takizawa's used ring, 1, 08,,,
広末涼子クリアファイル, Hirosue Ryoko clear file, 10, 08,,,
広末涼子テレカ&ポスター, Hirosue Ryoko telephone card & poster, 1, 08,,,
車のシート, Car seat, 1, 08,,,
カーレース観戦チケット, Tickets to watch car races, 1, 08,,,
フルーツジュースー, Fruit juice, 61, 08,,,
キーボード, Keyboard, 50, 08,,,
東京ディズニーランドパスポート, Tokyo Disneyland passport, 50, 08,,,
包丁, Kitchen knife, 15, 08,,,
ゲームソフト 「グラディウス外伝」他, Game software "Gradius Gaiden" and other, 20, 08,,,
枝豆, Edamame beans, 10, 08,,,
ディズニー3Dアートボックス, Disney 3D art box, 5, 08,,,
ドラえもんランチボックス, Doraemon lunch box, 5, 08,,,
収納棚, Storage shelf, 5, 08,,,
スナック菓子, Snacks, 420, 08,,,
ラーメン, Ramen, 130, 08,,,
スパゲティ, Spaghetti, 50, 08,,,
あんみつ, Anmitsu, 55, 08, 10, 3000,
炊飯器, Rice cooker, 1, 08,,,
わかめご飯の素, Wakame rice seasoning, 10, 08,,,
ケーキ, Cake, 10, 08,,,
スポーツ飲料, Sports drink, 10, 08,,,
栄養食品, Nutritional foods, 10, 08,,,
トパーズの指輪, Topaz ring, 1, 08,,,
育毛ブラシ, Hair growth brush, 10, 08,,,
クイズ賞金1万円, Quiz prize money 10_000 yen, 5, 08,,,
カウボーイハット, Cowboy hat, 1, 08,,,
メロン, Melon, 50, 08,,,
ジグゾーパズル, Jigsaw puzzle, 10, 08,,,
室内用プラネタリウム, Indoor planetarium, 15, 08,,,
野菜詰め合わせ, Vegetable assortment, 50, 08,,,
広末涼子サイン入りTシャツ, Hirosue Ryoko autographed T-shirt, 1, 08,,,
広末涼子サイン入り等身大ポスター, Hirosue Ryoko autographed life-size poster, 9, 08,,,
ポテトスナック, Potato snacks, 250, 09, 10, 3000,
ドライブルーベリー, Dried blueberries, 5, 09,,,
プラモデル「ガンダム」, Plastic model "Gundam", 1, 09,,,
ラジカセ, Radio cassette player, 51, 09,,,
タイヤ (4本), Tires (4 pieces), 1, 09, 12, 84000,
ビデオ 「CM美少女15秒のシンデレラ」, Video "CM Bishoujo 15 Seconds of Cinderella", 1, 09,,,
モーニング娘。ステッカ, Morning Musume. Stickers, 1, 09,,,
指輪, Rings, 1, 09,,,
キャンディ, Candy, 5, 09,,,
チョコスナック, Chocolate snacks, 50, 09,,,
フライパン, Frying pan, 50, 09,,,
ピングーのホットケーキパン, Pingu's hotcake pan, 50, 09,,,
万年筆一, Fountain pen, 15, 09,,,
ディズニー3Dアートボックス, Disney 3D art box, 1, 09,,,
K-1ジッポライタ, K-1 Zippo lighter, 1, 09,,,
腕時計, Watch, 100, 09,,,
馬刺し(300g), Horse meat sashimi (300g), 50, 09,,,
和菓子, Japanese sweets, 50, 09,,,
米(3kg), Rice (3kg), 50, 09,,,
ビーフジャーキー, Beef jerky, 20, 09,,,
ハチミツ, Honey, 5, 09,,,
女性用水着, Women's swimsuit, 1, 09,,,
商品券10万円, 100_000 yen gift certificate, 50, 09,,,
パソコン, Computer, 200, 09,,,
カーオーディオ, Car audio, 1, 09,,,
宇宙ツアー参加費1_000万円分, Space tour participation fee 10 million yen, 50, 09,,,
セガサターンゲームソフト10枚組, 10-disc set of Sega Saturn games, 1, 09,,,
体脂肪計, Body fat meter, 25, 09,,,
カリブ海旅行, Caribbean trip, 50, 09,,,
アメリカメジャーリーグ観戦ツアー, American Major League Baseball Watching tour, 50, 09,,,
アメリカスーパーボール観戦ツアー, American Super Bowl Watching tour, 50, 09,,,
自転車, Bicycle, 1, 09,,,
キティちゃんのクッション, Hello Kitty cushion, 1, 09,,,
ぶどう, Grapes, 50, 09,,,
ホテル宿泊券, Hotel accommodation voucher, 190, 09,,,
日産「ラシーン・フォルザ」他, Nissan "Rasheen Forza" and others, 55, 09,,,
トレーニングマシーン, Training machine, 15, 09,,,
クイズ賞金1_000万円, Quiz prize money 10 million yen, 15, 09,,,
パソコン, Computer, 95, 09,,,
フォード「フェステバ・ミニワゴン」, Ford "Festeva Mini Wagon", 15, 09,,,
旅行券10万円, 100_000 yen travel voucher, 15, 09,,,
MDコンポ, MD component, 15, 09,,,
沖繩旅行, Okinawa trip, 15, 09,,,
アメリカ・ディズニーワールド旅行, American Disney World trip, 15, 09,,,
オーストラリア旅行, Australia trip, 15, 09,,,
ハワイ旅行, Hawaii trip, 115, 09,,,
エーゲ海旅行, Aegean trip, 100, 09,,,
バスケットボール, Basketball, 1, 09,,,
顕微鏡 OR 双眼鏡, Microscope OR Binoculars, 1, 09,,,
ボディソープ, Body soap, 1, 09,,,
ごま豆腐, Sesame tofu, 20, 09,,,
フライパン, Frying pan, 10, 09,,,
アルコール飲料, Alcoholic drinks, 15, 09,,,
調味料セット, Seasoning set, 20, 09,,,
自動水やり機, Automatic watering machine, 10, 09,,,
野球グローブ, Baseball glove, 1, 09,,,
ダイエット食品, Diet food, 1, 09,,,
パリ旅行, Trip to Paris, 15, 09,,,
ルパン3世グッズ, Lupin III goods, 30, 09,,,
高級ライター, Luxury lighter, 55, 09,,,
バルセロナ旅行, Trip to Barcelona, 15, 09,,,
ロンドン旅行, Trip to London, 15, 09,,,
香港旅行, Trip to Hong Kong, 15, 09,,,
アカプルコ旅行, Trip to Acapulco, 15, 09,,,
ふりかけ, Furikake, 5, 09,,,
ゲーム「あつめてゴジラ」& カップうどん, Game "Godzilla Collection" & Cup udon, 20, 09,,,
青木裕子テレカ, Yuko Aoki telephone card, 1, 09,,,
ポテトスナック, Potato snacks, 1, 09,,,
腕時計, Watch, 110, 09,,,
自転車, Bicycle, 10, 09,,,
カメラ, Camera, 10, 09,,,
テレビ, Television, 30, 09,,,
テント, Tent, 10, 09, 11, 78000,
リュックサック, Backpack, 10, 09,,,
ラジカセー, Radio cassette player, 40, 09,,,
電気シェーバー, Electric shaver, 10, 09,,,
サングラス, Sunglasses, 11, 09,,,
ゼリー, Jelly, 15, 09,,,
カレー粉, Curry powder, 10, 09,,,
とうもろこし, Corn, 10, 09,,,
味付ごま, Flavored sesame, 10, 09,,,
布団, Futon, 10, 09,,,
MDプレイヤー, MD player, 10, 09,,,
ビデオカメラ, Video camera, 10, 09,,,
ビデオプリンター, Video printer, 10, 09,,,
FAX, FAX, 10, 09,,,
ミニコンポ, Mini component system, 71, 09,,,
インターネットターミナル, Internet terminal, 20, 09,,,
全国地図 CD-ROM, National map CD-ROM, 10, 09,,,
広末涼子テレカ, Hirosue Ryoko telephone card, 1, 09,,,
広末涼子ポスター, Hirosue Ryoko poster, 10, 09, 09, 0,
ポテトスナック, Potato snacks, 110, 09,,,
豆乳, Soy milk, 50, 09,,,
ボードゲーム「人生ゲーム平成版X」, Board game "Game of Life Heisei Edition X", 6, 09,,,
ダイエット食品, Diet foods, 100, 09,,,
ディズニー3Dアートボックス, Disney 3D Art Box, 10, 09,,,
文字放送用チューナー, Teletext tuner, 10, 09,,,
塩, Salt, 65, 09,,,
ネクタイ, Tie, 25, 09,,,
育毛剤, Hair growth agent, 11, 09,,,
手袋, Gloves, 1, 09,,,
竹製シートカバー, Bamboo seat cover, 15, 09,,,
ゴルフシューズ, Golf shoes, 30, 09, 10, 19000,
万能ナイフ, All-purpose knife, 15, 09,,,
電動歯ブラシ, Electric toothbrush, 50, 09,,,
インスタント食品, Instant food, 1, 09,,,
チーズかまぼこ, Cheese kamaboko, 1, 09,,,
しょうが, Ginger, 85, 09,,,
野菜ジュース, Vegetable juice, 10, 09, 10, 6000,
しょうゆ, Soy sauce, 5, 09,,,
長いも, Yam, 5, 09,,,
ラジコンカー, Radio-controlled car, 6, 09,,,
台湾往復航空券, Taiwan round-trip air ticket, 50, 09,,,
オレンジカード, Orange card, 5, 09,,,
本「中田英寿編集長 アッカ!!」, Book "Editor-in-Chief Nakata Hidetoshi ACCA!!", 5, 09,,,
ビデオ「ロベルト・バッジオ」, Video "Roberto Baggio", 5, 09,,,
サファイアのアクセサリー・, Sapphire accessories, 100, 09,,,
デジタルカメラ, Digital camera, 50, 09,,,
液晶テレビ, LCD TV, 50, 09,,,
食品包装ラップ, Food packaging wrap, 5, 09, 12, 3000,
目もと用バック, Eye bag, 5, 09,,,
ヨーヨー, Yo-yo, 1, 09,,,
アントニオ猪木写真集, Antonio Inoki photo book, 5, 09, 12, 10000,
ジュース, Juice, 105, 09,,,
イス, Chair, 55, 09,,,
モーニング娘ポスター, Morning Musume poster, 1, 09,,,
ビデオ「ビーバップハイスクール」, Video "Be-Bop High School", 35, 09,,,
ゲームソフト OR ハイウェイカード, Game software OR Highway card, 31, 09,,,
じゃがいも、ごぼう、にんじん、かぼちゃ, Potato_ burdock_ carrot_ pumpkin, 100, 09,,,
イクラ、カレイ、ししゃも, Salmon roe_ flounder_ shishamo, 50, 09,,,
組み立て式ワゴン, Assembled wagon, 20, 09,,,
電動歯ブラシ, Electric toothbrush, 20, 09,,,
バッグ, Bag, 21, 09,,,
クッキングスケールー, Cooking scale, 20, 09,,,
フライパン, Frying pan, 20, 09,,,
オーケストラコンサート招待券, Invitation to orchestra concert, 5, 09,,,
サングラス, Sunglasses, 31, 09,,,
現金1万円, 10_000 yen in cash, 1, 09,,,
レストラン食事券, Restaurant meal voucher, 5, 09,,,
カーナビー, Carnaby, 50, 09,,,
ヒゲ剃り, Shaver, 10, 09,,,
ゴマだれ, Sesame sauce, 5, 09,,,
ぶどう(2kg), Grapes (2kg), 50, 09,,,
チョコレート, Chocolate, 100, 09,,,
油絵セット OR 色鉛筆セット, Oil painting set OR Colored pencil set, 1, 09,,,
ポテトスナック, Potato snack, 10, 09,,,
あゆの姿煮, Simmered sweetfish, 1, 09,,,
梨 (5kg), Pear (5kg), 10, 09,,,
さつまいも (5kg), Sweet potato (5kg), 10, 09,,,
りんご(5kg), Apple (5kg), 10, 09,,,
鮭(1kg), Salmon (1kg), 10, 09,,,
さんま(1kg), Sanma (1kg), 10, 09,,,
柿, Persimmon, 10, 09,,,
まぐろブツ, Tuna chunks, 10, 09,,,
栗きんとん, Chestnut paste, 10, 09,,,
みそ汁, Miso soup, 50, 09,,,
工具箱, Tool box, 30, 09,,,
クッキー, Cookies, 50, 09,,,
リップクリーム, Lip balm, 10, 09,,,
豆腐, Tofu, 50, 09,,,
ぶどうオイル, Grape oil, 50, 09,,,
クイズ賞金1万円, Quiz prize money 10_000 yen, 10, 09,,,
電卓, Calculator, 10, 09,,,
プレイステーション&ゲームソフト, PlayStation & game software, 30, 09,,,
カップラーメンー, Cup ramen, 1, 09,,,
広末涼子生写真 OR クリアファイル, Hirosue Ryoko photo OR Clear file, 1, 09,,,
広末涼子ファンクラブ会報, Hirosue Ryoko fan club newsletter, 1, 09,,,
広末涼子ポストカード OR ビデオ「R.H」, Hirosue Ryoko postcard OR Video "R.H", 2, 09,,,
広末涼子サイン入りテレカ, Hirosue Ryoko autographed phone card, 10, 09,,,
広末涼子ペンケース, Hirosue Ryoko pencil case, 1, 09,,,
ノートパソコン用ケースー, Laptop case, 10, 10, 12, 36000,
佃煮, Tsukudani, 50, 10,,,
ホテル宿泊券, Hotel accommodation voucher, 151, 10,,,
乳性飲料, Dairy drink, 150, 10,,,
ガンダムテレカ, Gundam telephone card, 11, 10,,,
ウインナー, Wiener, 50, 10,,,
味付ごま, Flavored sesame, 50, 10,,,
プラモデル「マツダ・ロードスター, Plastic model "Mazda Roadster, 60, 10,,,
カードケース, Card case, 50, 10,,,
日産「キューブ」, Nissan "Cube", 100, 10,,,
サウナ入浴券, Sauna bath voucher, 10, 10,,,
アルコール飲料, Alcoholic drink, 61, 10,,,
地球一周の船旅, Voyage around the world, 50, 10,,,
CDミニコンポ, CD mini component system, 26, 10,,,
レコードプレーヤー, Record player, 25, 10,,,
クイズ賞金10万円, Quiz prize of 100_000 yen, 50, 10,,,
ラジコンカー, Radio-controlled car, 2, 10, 11, 1300,
オパールの指輪, Opal ring, 1, 10,,,
本「経済探検 未来への指針」, Book "Economic exploration: A guide to the future", 1, 10,,,
ヨーロッパグルメ旅行, Europe gourmet trip, 50, 10,,,
サーロインステーキ肉, Sirloin steak meat, 50, 10, 11, 15000,
イギリステニス観戦ツア, England tennis tour, 10, 10,,,
スヌーピーの人形, Snoopy doll, 1, 10,,,
電話機, Telephone, 1, 10,,,
シャ乱Q つんく使用済 フェンディの帽子, SharanQ Tsunku used Fendi hat, 1, 10,,,
イタリア旅行, Trip to Italy, 50, 10,,,
ジュース, Juice, 60, 10,,,
現金5万円 OR 100万円, Cash of 50_000 yen OR 1 million yen, 100, 10,,,
シガーケース, Cigar case, 1, 10,,,
やかん, Kettle, 50, 10,,,
梅酒, Plum wine, 5, 10,,,
ゼリー, Jelly, 100, 10,,,
スニーカー, Sneakers, 55, 10,,,
英会話パソコンソフト, English conversation PC software, 20, 10,,,
アカすりタオル, Scrubbing towel, 1, 10,,,
ケン玉, Kendama, 10, 10,,,
のど飴, Throat lozenges, 10, 10,,,
收納棚, Storage shelf, 25, 10,,,
パスタセット, Pasta set, 50, 10,,,
体脂肪計, Body fat scale, 10, 10, 11, 1000,
お酢, Vinegar, 10, 10,,,
はちみつ, Honey, 10, 10,,,
浄水器付きシャワー, Shower with water purifier, 10, 10,,,
ニューヨーク旅行, New York trip, 50, 10,,,
ネオジオポケット&ソフト, Neo Geo pocket & software, 5, 10,,,
ポップコーン, Popcorn, 1, 10,,,
パレオ, Paleo, 1, 10,,,
和英電子辞書, Japanese-English electronic dictionary, 1, 10,,,
図書カード, Library card, 20, 10,,,
ピーナッツバター, Peanut butter, 20, 10,,,
格闘ビデオ「修斗ミドル級王者決定戦 桜井速人 VS 中尾受太郎」, Fighting video "Shooto Middleweight Championship Deciding Match Sakurai Hayato VS Nakao Jutaro", 1, 10,,,
渡辺由紀テレカ, Watanabe Yuki telephone card, 1, 10,,,
九谷焼の皿, Kutani ware plate, 30, 10,,,
夫婦茶碗, Couple's tea bowl, 30, 10,,,
ティーセット, Tea set, 5, 10,,,
バスマット, Bath mat, 5, 10,,,
野菜と卵の詰め合わせ, Vegetable and egg assortment, 50, 10,,,
広末涼子主演映画ビデオ 「20世紀ノスタルジア」, Video starring Hirosue Ryoko "20th Century Nostalgia", 36, 10,,,
広末涼子パネル, Hirosue Ryoko panel, 2, 10,,,
育毛剤, Hair growth agent, 15, 10, 11, 6000,
通 ???, Commoner ???, 55, 10,,,
クイズ賞金1万円也, Quiz prize 10_000 yen, 5, 10,,,
CD5枚セット (グレイ、ミーシャ他), Set of 5 CDs (Gray_ Misha_ etc.), 1, 10,,,
CDプレイヤー OR MDプレイヤー, CD player OR MD player, 1, 10,,,
天気予報計, Weather forecaster, 10, 10,,,
サングラス, Sunglasses, 61, 10,,,
ボードゲーム 「人生ゲーム平成版X」, Board game "Game of Life Heisei version X", 10, 10,,,
シャワー付き浄水器, Water purifier with shower, 10, 10,,,
機関車のプラモデル, Plastic model of locomotive, 1, 10,,,
チーズかまぼこ, Cheese kamaboko, 50, 10,,,
座頭市テレカ, Zatoichi telephone card, 5, 10, 11, 1500,
宜保愛子の本2冊, Two books by Aiko Yoshibo, 1, 10,,,
青木裕子テレカ, Aoki Yuko telephone card, 1, 10,,,
松田 純ビデオ OR CD-ROM 時刻表, Matsuda Jun video OR CD-ROM timetable, 1, 10,,,
アイスクリーム, Ice cream, 50, 10,,,
ロシア~パリ旅行, Russia to Paris trip, 50, 10,,,
モーニング娘 中澤裕子使用済ネックレス, Morning Musume Nakazawa Yuko used necklace, 1, 10,,,
風呂敷, Furoshiki, 10, 10,,,
トヨタ「プリウス」, Toyota Prius, 50, 10,,,
野生のイルカと逢える旅, Journey to meet wild dolphins, 50, 10,,,
カップうどん, Cup udon, 200, 10,,,
にしんの缶詰, Canned herring, 50, 10,,,
塩, Salt, 10, 10,,,
だしつゆ, Dashi soup, 10, 10,,,
ソース, Sauce, 10, 10,,,
針植え用台, Needle planting stand, 10, 10,,,
電動自転車, Electric bicycle, 55, 10,,,
ゴルフボール, Golf ball, 5, 10, 12, 4800,
スピーカー, Speaker, 50, 10,,,
ダイエット食品, Diet food, 100, 10,,,
ビデオデッキ, VCR, 10, 10, 10, 85000,
まくら, Pillow, 5, 10,,,
広末涼子直筆俳句, Hirosu Ryoko's handwritten haiku, 1, 10,,,
広末涼子クリアファイル, Hirosu Ryoko clear file folder, 1, 10,,,
スパゲティ, Spaghetti, 51, 10,,,
ポテトスナック, Potato snack, 201, 10,,,
ラスカルの貯金箱, Rascal's piggy bank, 5, 10,,,
ビデオテープ, Video tape, 1, 10,,,
優香テレカ, Yuka telephone card, 1, 10,,,
プレイステーション & ゲームソフト, PlayStation & Game software, 26, 10,,,
電動シェーバー, Electric shaver, 1, 10,,,
ゴーグル, Goggles, 20, 10,,,
レストラン食事券, Restaurant meal voucher, 40, 10,,,
カメラ, Camera, 61, 10,,,
ジグソーパズル, Jigsaw puzzle, 20, 10,,,
香水, Perfume, 71, 10,,,
竹野内豊ポストカード, Yutaka Takenouchi postcard, 1, 10,,,
ブーツ, Boots, 71, 10,,,
天体望遠鏡, Telescope, 1, 10,,,
釣り竿セット, Fishing rod set, 1, 10,,,
中華まんセット, Chinese steamed bun set, 50, 10,,,
ふりかけ, Furikake, 160, 10, 12, 500,
MDコンポ, MD component, 50, 10,,,
本「格闘技を知的に観る方法」, Book: "How to watch martial arts intelligently", 1, 10,,,
傘, Umbrella, 1, 10,,,
商品券1万円, 10_000 yen gift certificate, 10, 10,,,
パソコンソフト「電子地図帳」, Computer software: "Electronic atlas", 81, 10,,,
ワーゲン 「ビートル」, Volkswagen "Beetle", 50, 10,,,
バイク「TOMOS」, Motorcycle: "TOMOS", 50, 10,,,
鮎川なおみテレカ, Naomi Ayukawa telephone card, 1, 10,,,
スニーカー, Sneakers, 60, 10,,,
ヘッドホン, Headphones, 30, 10,,,
ライター, Lighter, 10, 10,,,
日本国内旅行, Travel within Japan, 50, 10,,,
チョコレート, Chocolate, 50, 10,,,
にしんの缶詰, Canned herring, 50, 10,,,
砂糖, Sugar, 50, 10,,,
調理油, Cooking oil, 10, 10,,,
遊園地入園券, Amusement park admission ticket, 10, 10,,,
浅香光代新春公演チケット, Ticket for Mitsuyo Asaka's New Year's performance, 1, 10,,,
お茶, Tea, 10, 10,,,
新幹線のプラモデル, Plastic model of the Shinkansen, 5, 10,,,
沖縄旅行, Trip to Okinawa, 50, 10,,,
トイレットペーパー, Toilet paper, 2, 10, 11, 1500,
電子辞書 OR FAX, Electronic dictionary or fax, 1, 10,,,
松茸, Matsutake mushroom, 100, 10, 11, 10000,
米 「コシヒカリ」(10kg), Rice: "Koshihikari" (10kg), 50, 10, 11, 8500,
電動ブラシ, Electric brush, 20, 10,,,
広末涼子サイン色紙, Signed color paper by Ryoko Hirosue, 1, 10,,,
広末涼子サイン入りポラ, Polaroid signed by Ryoko Hirosue, 1, 10,,,
ビデオ「レースクイーン・メモリアルビデオマガジン」, Video: "Race Queen Memorial Video Magazine", 1, 10,,,
ビデオ「シューティング 桜井速人VS中尾受太郎」, Video: "Shooting: Hayato Sakurai vs. Jutaro Nakao", 1, 10,,,
ビデオ「新日本プロレス G1 CLIMAX」, Video: "New Japan Pro-Wrestling G1 CLIMAX", 1, 10,,,
ビデオ「松田 純 金環蝕」, Video: "Jun Matsuda "Annular Eclipse", 1, 10,,,
ビデオ 「鮎川なおみ Visual Queen」, Video "Naomi Ayukawa Visual Queen", 1, 10,,,
ビデオ「世界のサンセット」, Video "Sunsets of the World", 1, 10,,,
ビデオ「テーブルマナ (フレンチ編)」, Video "Table Mana (French Version)", 1, 10,,,
ビデオ「美人おかみのいる温泉宿」, Video "Hot Spring Inn with Beautiful Landlady", 1, 10,,,
ビデオ「クラシック バレエへの招待」, Video "Invitation to Classical Ballet", 1, 10,,,
净水器, Water Purifier, 25, 10,,,
缶コーヒー, Canned Coffee, 25, 10,,,
えのき茸の佃煮, Enoki Mushrooms in Soy Sauce, 100, 10,,,
中華まん, Chinese Steamed Buns, 50, 10,,,
ハワイ旅行, Hawaii Trip, 25, 10,,,
仲間由紀恵テレカ, Yukie Nakama Telecard, 2, 10,,,
ベルト, Belt, 25, 10, 11, 7000,
ごまソース, Sesame Sauce, 50, 10,,,
ネオジオポケット&ゲームソフト, Neo Geo Pocket & Game Software, 35, 10,,,
ホットプレート, Hot Plate, 5, 10,,,
時計, Watch, 5, 10,,,
ダウンベスト, Down Vest, 5, 10,,,
クイズ賞金10万円, Quiz Prize of 100_000 Yen, 5, 10,,,
MTBグローブORヘルメット, MTB Gloves OR Helmet, 1, 10,,,
チューイングガム, Chewing Gum, 40, 10,,,
酢&塩, Vinegar & Salt, 40, 10,,,
音楽ギフトカード(3千円分), Music Gift Card (3_000 Yen), 20, 10,,,
カレー粉, Curry Powder, 70, 10,,,
小麦粉, Flour, 20, 10,,,
ヨーグルト飲料, Yogurt Drink, 20, 10,,,
せんべい, Rice Crackers, 100, 10,,,
現金1_000万円, 10 Million Yen in Cash, 50, 10,,,
ダイエット飲料, Diet Drink, 10, 10,,,
パソコンソフト「デジタルロケ・ライト」, Computer Software "Digital Location Light", 1, 10,,,
ルアー釣りセット, Lure Fishing Set, 1, 10,,,
腕時計, Watch, 253, 10,,,
しょうゆ, Soy Sauce, 20, 10,,,
もなか, Monaka, 50, 10,,,
プレイステーション, PlayStation, 103, 10,,,
フライパン, Frying Pan, 30, 10,,,
はし, Chopsticks, 10, 10,,,
ベビー用ふとんセット, Baby Bedding Set, 10, 10,,,
バッグ, Bag, 62, 10,,,
アクセサリー, Accessories, 91, 10,,,
じゃがいも(10kg), Potatoes (10kg), 50, 10,,,
米「コシヒカリ」&「ササニシキ」(各2kg), Rice "Koshihikari" & "Sasanishiki" (2kg each), 50, 10, 12, 750,
三菱 「パジェロ・ミニ」, Mitsubishi "Pajero Mini", 10, 10,,,
カメラ, Camera, 20, 10,,,
ココア, Hot chocolate, 10, 10,,,
日本~香港往復航空券, Japan-Hong Kong round-trip air ticket, 10, 10,,,
ネクタイ, Tie, 10, 10,,,
ラーメン, Ramen, 50, 10,,,
米「ゴロビカリ」(5kg), Rice "Gorobikali" (5kg), 50, 10,,,
カレンダー(各種プロレス団体), Calendar (various wrestling organizations), 30, 10,,,
マヨネーズ, Mayonnaise, 50, 10, 11, 540,
広末涼子カレンダー, Hirosue Ryoko calendar, 6, 10,,,
広末涼子直筆川柳色紙, Hirosu Ryoko's handwritten senryu shikishi, 1, 10,,,
CD 「歌がうまくなるCD」, CD "CD to improve your singing skills", 1, 11,,,
スクーター, Scooter, 1, 11,,,
みそ, Miso, 60, 11,,,
ヨーグルト, Yogurt, 150, 11,,,
缶ジュース, Canned juice, 145, 11,,,
工具セット, Tool set, 5, 11,,,
缶コーヒー, Canned coffee, 60, 11,,,
ツナサラダ, Tuna salad, 50, 11,,,
カップスープ, Cup soup, 5, 11,,,
しょうゆ, Soy sauce, 5, 11,,,
中華まん, Chinese steamed bun, 150, 11,,,
電子辞書, Electronic dictionary, 6, 11,,,
ミニスキー板, Mini skis, 5, 11,,,
育毛剤, Hair growth tonic, 5, 11,,,
三菱 「パジェロミニ｣, Mitsubishi "Pajero Mini", 10, 11,,,
フィギア「メーテル」, Figure "Maetel", 1, 11,,,
ゴン太くんの顔型 シートクッション, Gonta-kun's face-shaped seat cushion, 1, 11,,,
サングラス, Sunglasses, 32, 11,,,
ラクリマ・クリスティテレ, Lacryma Christiere, 1, 11,,,
ティル・アン・グレイテレカ, Til en Grey telephone card, 1, 11,,,
トヨタ「スターレット」, Toyota "Starlet", 10, 11,,,
財布, Wallet, 20, 11,,,
松茸, Matsutake mushroom, 10, 11,,,
腕時計, Watch, 41, 11,,,
クッキー, Cookies, 160, 11,,,
ビデオ「七人の侍」, Video "Seven Samurai", 1, 11,,,
PHS, PHS, 1, 11,,,
まくら, Pillow, 1, 11,,,
フォード「フェステバ」, Ford "Festeva", 10, 11,,,
デジタルスチールカメラ, Digital still camera, 10, 11,,,
インターネッ用ターミナル, Internet terminal, 10, 11,,,
カーナビ, Car navigation system, 10, 11,,,
松屋プリペイドカード(5万円分), Matsuya prepaid card (50_000 yen), 10, 11,,,
ダイエット食品, Diet food, 150, 11,,,
双眼鏡, Binoculars, 5, 11,,,
スケートボード, Skateboard, 5, 11,,,
ヌンチャクー, Nunchaku, 5, 11,,,
ドコモ・ポケットボード, DoCoMo Pocket Board, 5, 11,,,
トヨタ「クレスタ」, Toyota "Cresta", 10, 11,,,
パソコン用デスク, Computer desk, 40, 11,,,
バーチャル水槽, Virtual aquarium, 10, 11,,,
東京~石垣島 往復航空券, Tokyo to Ishigaki Island Round-trip air ticket, 10, 11,,,
イギリス旅行, Trip to England, 10, 11,,,
イタリア旅行, Trip to Italy, 20, 11,,,
ハワイ旅行, Trip to Hawaii, 10, 11,,,
フィリピン旅行, Trip to the Philippines, 10, 11,,,
タイ旅行, Trip to Thailand, 10, 11,,,
オーストラリア旅行, Trip to Australia, 20, 11,,,
ドイツ旅行, Trip to Germany, 10, 11,,,
カナダ旅行, Trip to Canada, 15, 11,,,
スイス旅行, Trip to Switzerland, 10, 11,,,
フィンランド旅行, Trip to Finland, 10, 11,,,
ニュージーランド旅行, Trip to New Zealand, 10, 11,,,
現金総額1_000万円, Total cash of 10 million yen, 10, 11,,,
血圧計, Blood pressure monitor, 1, 11,,,
靴磨きセット, Shoe shine set, 1, 11,,,
栗もなか, Chestnut monaka, 50, 11,,,
鳥肉, Chicken meat, 50, 11,,,
チョコレート, Chocolate, 50, 11,,,
トヨタ「プログレ」, Toyota "Progre", 50, 11,,,
子供用ブロック, Children's blocks, 1, 11,,,
マヨネーズ, Mayonnaise, 1, 11,,,
インスタントコーヒー, Instant coffee, 1, 11,,,
広末涼子 写真集, Hirosue Ryoko photo book, 1, 11,,,
広末涼子クリアファイル, Hirosue Ryoko clear file, 1, 11,,,
広末涼子目覚し時計, Hirosue Ryoko alarm clock, 1, 11,,,
広末涼子 等身大看板, Hirosue Ryoko life-size billboard, 1, 11,,,
広末涼子 DoCoMoのノボリ, Hirosue Ryoko DoCoMo banner, 1, 11,,,
広末涼子 スケジュールボードー, Hirosue Ryoko schedule board, 1, 11,,,
バンコク旅行, Trip to Bangkok, 10, 11,,,
東京〜ロサンゼルス往復航空券, Tokyo to Los Angeles round-trip air ticket, 10, 11,,,
アメリカゴルフ観戦旅行, Trip to watch golf in the US, 10, 11,,,
テレビ, Television, 10, 11,,,
現金100万円, 1 million yen in cash, 10, 11,,,
お掃除セット!, Cleaning set!, 10, 11,,,
うどんセット, Udon set, 62, 11,,,
ソース, Sauce, 5, 11,,,
チョコレート, Chocolate, 100, 11,,,
プジョー 「306 STYLE」, Peugeot "306 STYLE", 30, 11,,,
三菱パジェロ・ミニ」「ミニカ」他, Mitsubishi Pajero Mini_ "Minica" and others, 11, 11,,,
塩, Salt, 11, 11,,,
豆乳, Soy milk, 10, 11,,,
缶ジュース, Canned juice, 10, 11,,,
フライパン, Frying pan, 10, 11,,,
フィギュア「キン肉マン】世」, Figure "Kinnikuman" World, 1, 11,,,
ウルトラマン貯金箱, Ultraman piggy bank, 1, 11,,,
コーンスナック, Corn snacks, 50, 11,,,
ライター, Lighter, 5, 11,,,
ポテトスナック, Potato snacks, 51, 11,,,
ウクレレ, Ukulele, 1, 11,,,
奥菜恵テレカ, Okina Megumi telephone card, 1, 11,,,
エレキギター OR マイク, Electric guitar OR Microphone, 1, 11,,,
マヨネーズ, Mayonnaise, 10, 11,,,
パスタ, Pasta, 10, 11,,,
ゼリー, Jelly, 10, 11,,,
ダウンコート, Down coat, 10, 11,,,
ヘッドホン, Headphones, 10, 11,,,
アイスクリーム, Ice cream, 100, 11,,,
羊肉(1kg), Lamb (1kg), 1, 11,,,
ダイハツ「MOVE」, Daihatsu "MOVE", 10, 11,,,
プレイステーション, PlayStation, 10, 11,,,
バイク, Motorcycle, 20, 11,,,
焼きそば, Yakisoba, 50, 11,,,
スパゲティ, Spaghetti, 100, 11,,,
深田恭子 テレカ, Fukada Kyoko phone card, 1, 11,,,
CDミニコンポ, CD mini component system, 1, 11,,,
こしょう, Pepper, 5, 11,,,
かぼすのドレッシング OR かぼす, Kabosu dressing OR Kabosu, 10, 11,,,
干し椎茸, Dried shiitake mushrooms, 5, 11,,,
海藻, Seaweed, 5, 11,,,
ちりめん, Chirimen, 15, 11,,,
ふりかけ, Furikake, 10, 11,,,
雑炊, Rice porridge, 10, 11,,,
サバ・アジ, Mackerel/Horse mackerel, 100, 11,,,
広末涼子 テレカ & クリアファイル, Hirosue Ryoko phone card & clear file, 11, 11,,,
広末涼子 ビデオ, Hirosue Ryoko video, 1, 11,,,
カメラ, Camera, 20, 11,,,
掃除機, Vacuum cleaner, 5, 11,,,
スピーカー, Speakers, 5, 11,,,
ふぐの唐揚げ&タレ, Fried fugu & sauce, 55, 11,,,
MDプレイヤー, MD player, 46, 11,,,
ヘッドホン, Headphones, 6, 11,,,
ホンダ「ライフ」「Z」他, Honda "Life" "Z" etc., 30, 11,,,
ノルウェー旅行, Norway trip, 5, 11,,,
金沢料亭の旅, Kanazawa restaurant trip, 180, 11,,,
ウルトラマン目覚し時計, Ultraman alarm clock, 1, 11,,,
プレイステーション & ゲームソフト, PlayStation & game software, 2, 11,,,
焼きそば, Yakisoba, 2, 11,,,
みそ & しょうゆセット, Miso & Soy sauce set, 100, 11,,,
香水「ジバンシイ」 OR 「フェンディ」他, Perfume "Givenchy" OR "Fendi" etc., 55, 11,,,
ホテル宿泊券, Hotel accommodation voucher, 10, 11,,,
おひつ, Rice container, 1, 11,,,
机, Table, 5, 11,,,
せんべい, Rice crackers, 100, 11,,,
バイオリン, Violin, 1, 11,,,
黒田美礼 テレカ, Kuroda Mirei phone card, 1, 11,,,
ラーメンー, Ramen, 51, 11,,,
コーンスナック, Corn snacks, 50, 11,,,
ケーキ, Cake, 50, 11,,,
鋼, Steel, 15, 11,,,
ネオジオポケット & 専用ゲームソフト, Neo Geo Pocket & Dedicated game software, 1, 11,,,
望遠鏡, Telescope, 1, 11,,,
香港旅行, Trip to Hong Kong, 10, 11,,,
スペイン旅行, Trip to Spain, 10, 11,,,
商品券10万円 OR 現金10万円, 100_000 yen gift certificate OR 100_000 yen cash, 10, 11, 12, 10000,
革靴, Leather shoes, 20, 11,,,
携帯電話, Cell phone, 10, 11,,,
ビデオデッキ, Video deck, 20, 11,,,
バッグ, Bag, 130, 11,,,
みかん(5kg), Tangerines (5kg), 50, 11,,,
チョコレート, Chocolate, 50, 11,,,
ステーキ肉, Steak meat, 50, 11,,,
コーンスナック, Corn snacks, 50, 11,,,
スキー板, Skis, 5, 11,,,
漬物, Pickles, 100, 11,,,
ホテル宿泊券, Hotel accommodation vouchers, 5, 11,,,
アクセサリー, Accessories, 56, 11,,,
バッグ, Bag, 66, 11,,,
飲む寒天, Drinkable agar, 10, 11,,,
調味料, Seasonings, 100, 11,,,
せんべい, Rice crackers, 100, 11,,,
ポテトスナック, Potato snacks, 50, 11,,,
フルーツ缶詰, Canned fruit, 50, 11,,,
サラダ油, Salad oil, 5, 11,,,
のど飴, Throat lozenges, 10, 11,,,
ブラックビスケッツ サイン入りポラ, Black Biscuits autographed polaroid, 1, 11,,,
マフラー(車用), Muffler (for car), 1, 11,,,
パソコン, Computer, 1, 11,,,
スノーボードレッスンビデオ, Snowboard lesson video, 1, 11,,,
田中麗奈テレカ, Tanaka Rena phone card, 1, 11,,,
ビデオカメラ, Video camera, 50, 11,,,
広末涼子カレンダー, Hirosue Ryoko calendar, 39, 11, 12, 0,
広末涼子 自筆プロフィール, Hirosue Ryoko handwritten profile, 1, 11,,,
広末涼子 使用済糸でんわ, Hirosue Ryoko used thread phone, 1, 11,,,
ラーメン, Ramen, 90, 12,,,
飲茶セット, Dim sum set, 50, 12,,,
ヨーグルト, Yogurt, 160, 12,,,
羽毛枕, Feather pillow, 1, 12, 12, 8000,
かつおのタタキ & うつぼのタタキセット, Seared bonito & seared moray eel set, 50, 12,,,
中華の素, Chinese seasoning, 100, 12,,,
あめ, Candy, 60, 12,,,
たれのセット, Sauce set, 50, 12,,,
腕時計, Watch, 36, 12,,,
プレイステーション & ゲームソフト, PlayStation & video games, 4, 12,,,
中村美津子キーホルダー, Nakamura Mitsuko keychain, 1, 12,,,
モーニング娘。カレンダー, Morning Musume. Calendar, 1, 12,,,
バター, Butter, 51, 12,,,
缶コーヒー, Canned coffee, 30, 12,,,
ジュース, Juice, 10, 12,,,
ポップコーン, Popcorn, 200, 12,,,
ゼリー, Jelly, 160, 12,,,
くつ下, Socks, 5, 12,,,
飲む寒天, Drinkable agar, 10, 12,,,
うどん, Udon, 2, 12,,,
ゴーグル, Goggles, 1, 12,,,
ポケットゲームー, Pocket game, 1, 12,,,
FAX OR 目覚し時計, FAX OR Alarm clock, 2, 12,,,
マツダ「ファミリア」, Mazda "Familia", 10, 12,,,
チョコレート飲料, Chocolate drink, 10, 12,,,
紅茶 & ケーキセット, Tea & cake set, 60, 12,,,
海産物詰め合わせ, Seafood assortment, 50, 12,,,
イタリア旅行, Trip to Italy, 5, 12,,,
テレビ, Television, 5, 12,,,
米(5kg), Rice (5kg), 50, 12,,,
広末涼子カレンダー, Hirosue Ryoko calendar, 19, 12,,,
広末涼子自筆サイン入り フォトスタンド, Photo stand with Hirosue Ryoko's autograph, 1, 12,,,
アイスクリーム, Ice cream, 51, 12,,,
サングラス, Sunglasses, 23, 12,,,
グアルジャー旅行, Trip to Guaruja, 5, 12,,,
オーストラリア旅行, Trip to Australia, 5, 12,,,
マイアミ旅行, Trip to Miami, 5, 12,,,
ハワイ旅行, Trip to Hawaii, 5, 12,,,
みそ, Miso, 100, 12,,,
中華まん, Chinese bun, 300, 12,,,
バッグー, Bag, 1, 12,,,
スノーボード, Snowboard, 1, 12,,,
ギター, Guitar, 1, 12,,,
鋼, Steel, 1, 12,,,
ポテトスナック, Potato snacks, 150, 12,,,
和菓子, Japanese sweets, 50, 12,,,
BMW 318i, BMW 318i, 5, 12,,,
ノートパソコン, Laptop, 5, 12,,,
MDプレイヤー, MD player, 20, 12,,,
ロンドン旅行, Trip to London, 5, 12,,,
カリフォルニア旅行, Trip to California, 5, 12,,,
コンパクトミラー, Compact mirror, 1, 12,,,
キャベッジ人形, Cabbage doll, 1, 12,,,
ジャム, Jam, 10, 12,,,
塩, Salt, 10, 12,,,
焼きそば, Fried noodles, 50, 12,,,
ジャガイモ(10kg), Potatoes (10kg), 50, 12,,,
野球盤ゲーム, Baseball board game, 51, 12,,,
ネクタイ, Tie, 1, 12,,,
DVDプレイヤー, DVD player, 1, 12,,,
アンデス旅行, Trip to the Andes, 10, 12,,,
シドニー旅行, Trip to Sydney, 5, 12,,,
ソウル旅行, Trip to Seoul, 5, 12,,,
米(5kg), Rice (5kg), 50, 12,,,
旅行クーポン券10万円, 100_000 yen travel coupon, 5, 12,,,
柿 (5kg) OR みかん (10kg), Persimmon (5kg) OR Mandarin orange (10kg), 5, 12,,,
スズキ「ワゴンR」 「ジムニー」他, Suzuki "Wagon R" "Jimny" and others, 30, 12,,,
カーステレオ, Car stereo, 5, 12,,,
CS用チューナー, CS tuner, 5, 12,,,
パソコン, PC, 5, 12,,,
ステレオ, Stereo, 5, 12,,,
アクセサリー, Accessories, 5, 12,,,
黒豚詰め合わせ, Assorted black pork, 1, 12,,,
野菜ジュース, Vegetable juice, 1, 12,,,
奈良漬け, Nara pickles, 50, 12,,,
ダイエット栄養食, Dietary food, 50, 12,,,
ニットキャップ, Knit cap, 5, 12,,,
ホテル宿泊券, Hotel accommodation voucher, 15, 12,,,
デジタルカメラ&プリンター, Digital camera & printer, 5, 12,,,
商品券1万円, 10_000 yen gift certificate, 5, 12,,,
天体望遠鏡, Telescope, 1, 12,,,
ビデオカメラ, Video camera, 1, 12,,,
CDコンボ, CD combo, 1, 12,,,
電動シェーバー, Electric shaver, 1, 12,,,
うどん, Udon, 11, 12,,,
マシュマロ, Marshmallow, 50, 12,,,
マッサージ機, Massage machine, 5, 12,,,
